id,emergency_id,intervention_id,year_2020_total,year_2020_salaries,year_2020_training,year_2020_consumables,year_2020_logistics,year_2020_equipment,year_2020_administration,year_2021_total,year_2021_salaries,year_2021_training,year_2021_consumables,year_2021_logistics,year_2021_equipment,year_2021_administration,year_2022_total,year_2022_salaries,year_2022_training,year_2022_consumables,year_2022_logistics,year_2022_equipment,year_2022_administration,beneficiaries_2020_number_people_need_male,beneficiaries_2020_number_people_need_female,beneficiaries_2020_number_people_targeted_male,beneficiaries_2020_number_people_targeted_female,beneficiaries_2020_number_people_reached_male,beneficiaries_2020_number_people_reached_female,beneficiaries_2021_number_people_need_male,beneficiaries_2021_number_people_need_female,beneficiaries_2021_number_people_targeted_male,beneficiaries_2021_number_people_targeted_female,beneficiaries_2021_number_people_reached_male,beneficiaries_2021_number_people_reached_female,beneficiaries_2022_number_people_need_male,beneficiaries_2022_number_people_need_female,beneficiaries_2022_number_people_targeted_male,beneficiaries_2022_number_people_targeted_female,beneficiaries_2022_number_people_reached_male,beneficiaries_2022_number_people_reached_female,comments
1,mex_migration,1,0,0,0,0,0,0,0,0,0,0,0,0,0,0,0,112122.6616,48108.46,27777.77778,58079.62889,27777.77778,55555.55556,,0,0,0,0,0,0,0,0,0,0,0,0,0,5000,25000,9958.333333,18385.66667,
2,mex_migration,2,0,0,0,0,0,0,0,0,0,0,0,0,0,0,0,130978.3636,96216.92,27777.77778,60603.70222,27777.77778,57518.81556,0,0,0,0,0,0,0,0,0,0,0,0,0,0,5000,45000,19233.33333,37606.66667,
3,mex_migration,3,0,0,0,0,0,0,0,0,0,0,0,0,0,0,0,0,0,0,0,0,0,0,0,0,0,0,0,0,0,0,0,0,0,0,0,0,0,0,0,
4,mex_migration,4,0,0,0,0,0,0,0,0,0,0,0,0,0,0,0,5387.343429,0,13888.88889,13888.88889,13888.88889,13888.88889,0,0,0,0,0,0,0,0,0,0,0,0,0,0,0,0,93,111,
5,mex_migration,5,,,,,,,,,,,,,,,,,,,,,,,,,,,,,,,,,,,,,,,,
6,mex_migration,5-a,0,0,0,0,0,0,0,0,0,0,0,0,0,0,0,0,0,0,0,0,0,0,0,0,0,0,0,0,0,0,0,0,0,0,0,0,0,0,0,
7,mex_migration,5-b,0,0,0,0,0,0,0,0,0,0,0,0,0,0,0,5387.343429,0,13888.88889,13888.88889,13888.88889,13888.88889,0,0,0,0,0,0,0,0,0,0,0,0,0,0,0,0,20,27,Iron supplementation started in october 2022.
8,mex_migration,6,0,0,0,0,0,0,0,0,0,0,0,0,0,0,0,0,0,0,0,0,0,0,0,0,0,0,0,0,0,0,0,0,0,0,0,0,0,0,0,
9,mex_migration,7,0,0,0,0,0,0,0,0,0,0,0,0,0,0,0,0,0,0,0,0,0,0,0,0,0,0,0,0,0,0,0,0,0,0,0,0,0,0,0,
10,mex_migration,8,,,,,,,,,,,,,,,,,,,,,,,,,,,,,,,,,,,,,,,,
11,mex_migration,8-a,0,0,0,0,0,0,0,0,0,0,0,0,0,0,0,0,0,0,0,0,0,0,0,0,0,0,0,0,0,0,0,0,0,0,0,0,0,0,0,
12,mex_migration,8-b,0,0,0,0,0,0,0,0,0,0,0,0,0,0,0,10774.68686,22222.22222,22222.22222,22222.22222,22222.22222,22222.22222,0,0,0,0,0,0,0,0,0,0,0,0,0,0,1000,1000,1508.16,1633.84,
13,mex_migration,8-c,0,0,0,0,0,0,0,0,0,0,0,0,0,0,0,0,0,0,0,0,0,0,0,0,0,0,0,0,0,0,0,0,0,0,0,0,0,0,0,
14,mex_migration,9,,,,,,,,,,,,,,,,,,,,,,,,,,,,,,,,,,,,,,,,
15,mex_migration,9-a,0,0,0,0,0,0,0,0,0,0,0,0,0,0,0,10774.68686,27777.77778,27777.77778,27777.77778,24344.63,27777.77778,0,0,0,0,0,0,0,0,0,0,0,0,0,0,50,50,15.36,16.64,Patients with acute malnutrition are referred to local health institutions.
16,mex_migration,9-b,0,0,0,0,0,0,0,0,0,0,0,0,0,0,0,0,0,0,0,0,0,0,0,0,0,0,0,0,0,0,0,0,0,0,0,0,0,0,0,
17,mex_migration,10,0,0,0,0,0,0,0,0,0,0,0,0,0,0,0,21549.37371,48108.46,27777.77778,27777.77778,27777.77778,27777.77778,0,0,0,0,0,0,0,0,0,0,0,0,0,0,0,1800,0,1296,
18,mex_migration,11,0,0,0,0,0,0,0,0,0,0,0,0,0,0,0,0,0,0,0,0,0,0,0,0,0,0,0,0,0,0,0,0,0,0,0,0,0,0,0,
19,mex_migration,12,,,,,,,,,,,,,,,,,,,,,,,,,,,,,,,,,,,,,,,,
20,mex_migration,12-a,0,0,0,0,0,0,0,0,0,0,0,0,0,0,0,10774.68686,24054.23,13888.88889,13888.88889,13888.88889,13888.88889,0,0,0,0,0,0,0,0,0,0,0,0,0,0,0,1800,0,1259,
21,mex_migration,12-b,0,0,0,0,0,0,0,0,0,0,0,0,0,0,0,10774.68686,24054.23,13888.88889,13888.88889,13888.88889,13888.88889,0,0,0,0,0,0,0,0,0,0,0,0,0,0,0,1800,0,781,
22,mex_migration,12-c,0,0,0,0,0,0,0,0,0,0,0,0,0,0,0,0,0,0,0,0,0,0,0,0,0,0,0,0,0,0,0,0,0,0,0,0,0,0,0,Iron and folic acid is given separately.
23,mex_migration,12-d,0,0,0,0,0,0,0,0,0,0,0,0,0,0,0,0,0,0,0,0,0,0,0,0,0,0,0,0,0,0,0,0,0,0,0,0,0,0,0,Suplementation will start in 2023 Q2.
24,mex_migration,13,,,,,,,,,,,,,,,,,,,,,,,,,,,,,,,,,,,,,,,,
25,mex_migration,13-a,0,0,0,0,0,0,0,0,0,0,0,0,0,0,0,0,0,0,0,0,0,0,0,0,0,0,0,0,0,0,0,0,0,0,0,0,0,0,0,
26,mex_migration,13-b,0,0,0,0,0,0,0,0,0,0,0,0,0,0,0,0,0,0,0,0,0,0,0,0,0,0,0,0,0,0,0,0,0,0,0,0,0,0,0,
27,mex_migration,13-c,0,0,0,0,0,0,0,0,0,0,0,0,0,0,0,0,0,0,0,0,0,0,0,0,0,0,0,0,0,0,0,0,0,0,0,0,0,0,0,
28,mex_migration,14,0,0,0,0,0,0,0,0,0,0,0,0,0,0,0,0,0,0,0,0,0,0,0,0,0,0,0,0,0,0,0,0,0,0,0,0,0,0,0,
29,mex_migration,15,0,0,0,0,0,0,0,0,0,0,0,0,0,0,0,0,0,0,0,0,0,0,0,0,0,0,0,0,0,0,0,0,0,0,0,0,0,0,0,
30,gtm_eta,1,0,48776,5000,8000,20270,6757,7721,0,120000,5000,12785,41299,20000,15000,0,0,0,0,0,0,0,0,0,2880,3120,2796,2738,,140000,,14000,,13221,0,0,0,0,0,0,
31,gtm_eta,2,0,48776,5000,8000,20270,6757,7721,0,120000,5000,12785,41299,20000,15000,0,0,0,0,0,0,0,0,0,2880,3120,2796,2738,,140000,,18609,,13757,0,0,0,0,0,0,
32,gtm_eta,3,0,0,0,0,0,0,0,0,0,0,0,0,0,0,0,0,0,0,0,0,0,0,0,0,0,0,0,0,0,0,0,0,0,0,0,0,0,0,0,
33,gtm_eta,4,0,0,0,0,0,0,0,0,0,0,0,0,0,0,0,0,0,0,0,0,0,0,0,0,0,0,0,0,0,0,0,6332,6332,0,0,0,0,0,0,
34,gtm_eta,5,,,,,,,,,,,,,,,,,,,,,,,,,,,,,,,,,,,,,,,,
35,gtm_eta,5-a,0,48776,5000,8000,20270,6757,7721,0,120000,5000,12785,41299,20000,15000,0,0,0,0,0,0,0,0,0,2460,3540,1191,1714,0,0,0,0,10964,10964,0,0,0,0,0,0,
36,gtm_eta,5-b,0,0,0,0,0,0,0,0,0,0,0,0,0,0,0,0,0,0,0,0,0,0,0,0,0,0,0,0,0,0,0,0,0,0,0,0,0,0,0,
37,gtm_eta,6,0,0,0,0,0,0,0,0,0,0,0,0,0,0,0,0,0,0,0,0,0,0,0,0,0,0,0,0,0,0,0,0,0,0,0,0,0,0,0,
38,gtm_eta,7,0,0,0,0,0,0,0,0,120000,5000,12785,41299,20000,15000,0,0,0,0,0,0,0,0,0,0,0,300,432,0,0,0,0,1453,1453,0,0,0,0,0,0,
39,gtm_eta,8,,,,,,,,,,,,,,,,,,,,,,,,,,,,,,,,,,,,,,,,
40,gtm_eta,8-a,0,0,0,0,0,0,0,0,0,0,0,0,0,0,0,0,0,0,0,0,0,0,0,0,0,0,0,0,0,0,0,16760,16580,0,0,0,0,0,0,
41,gtm_eta,8-b,0,48776,5000,8000,20270,6757,7721,0,120000,5000,12785,41299,20000,15000,0,0,0,0,0,0,0,0,0,2880,3120,2796,2738,0,0,0,0,14243,14119,0,0,0,0,0,0,
42,gtm_eta,8-c,0,0,0,0,0,0,0,0,0,0,0,0,0,0,0,0,0,0,0,0,0,0,0,0,0,0,0,0,0,0,0,0,0,0,0,0,0,0,0,
43,gtm_eta,9,,,,,,,,,,,,,,,,,,,,,,,,,,,,,,,,,,,,,,,,
44,gtm_eta,9-a,0,0,0,0,0,0,0,0,0,0,0,0,0,0,0,0,0,0,0,0,0,0,0,0,0,0,0,0,0,0,0,161,162,0,0,0,0,0,0,
45,gtm_eta,9-b,0,0,0,0,0,0,0,0,0,0,0,0,0,0,0,0,0,0,0,0,0,0,0,0,0,0,0,0,0,0,0,0,0,0,0,0,0,0,0,
46,gtm_eta,10,0,0,0,0,0,0,0,0,120000,5000,12785,41299,20000,15000,0,0,0,0,0,0,0,0,0,0,,0,5534,0,0,0,0,0,36144,0,0,0,0,0,0,
47,gtm_eta,11,0,0,0,0,0,0,0,0,0,0,0,0,0,0,0,0,0,0,0,0,0,0,0,0,0,0,0,0,0,0,0,0,0,0,0,0,0,0,0,
48,gtm_eta,12,,,,,,,,,,,,,,,,,,,,,,,,,,,,,,,,,,,,,,,,
49,gtm_eta,12-a,0,0,0,0,0,0,0,0,0,0,0,0,0,0,0,0,0,0,0,0,0,0,0,0,0,0,0,0,0,0,0,0,0,0,0,0,0,0,0,
50,gtm_eta,12-b,0,0,0,0,0,0,0,0,0,0,0,0,0,0,0,0,0,0,0,0,0,0,0,0,0,0,0,0,0,0,0,0,0,0,0,0,0,0,0,
51,gtm_eta,12-c,0,0,0,0,0,0,0,0,0,0,0,0,0,0,0,0,0,0,0,0,0,0,0,0,0,0,0,0,0,0,0,0,0,0,0,0,0,0,0,
52,gtm_eta,12-d,0,0,0,0,0,0,0,0,0,0,0,0,0,0,0,0,0,0,0,0,0,0,0,0,0,0,0,0,0,0,0,0,0,0,0,0,0,0,0,
53,gtm_eta,13,,,,,,,,,,,,,,,,,,,,,,,,,,,,,,,,,,,,,,,,
54,gtm_eta,13-a,0,0,0,0,0,0,0,0,0,0,0,0,0,0,0,0,0,0,0,0,0,0,0,0,0,0,0,0,0,0,0,0,0,0,0,0,0,0,0,
55,gtm_eta,13-b,0,0,0,0,0,0,0,0,0,0,0,0,0,0,0,0,0,0,0,0,0,0,0,0,0,0,0,0,0,0,0,,8988,0,0,0,0,0,0,
56,gtm_eta,13-c,0,0,0,0,0,0,0,0,0,0,0,0,0,0,0,0,0,0,0,0,0,0,0,0,0,0,0,0,0,0,0,0,0,0,0,0,0,0,0,
57,gtm_eta,14,0,0,0,0,0,0,0,0,0,0,0,0,0,0,0,0,0,0,0,0,0,0,0,0,0,0,0,0,0,0,0,0,0,0,0,0,0,0,0,
58,gtm_eta,15,0,0,0,0,0,0,0,0,0,0,0,0,0,0,0,0,0,0,0,0,0,0,0,0,0,0,0,0,0,0,0,0,0,0,0,0,0,0,0,
59,gtm_migration,1,0,0,0,0,0,0,0,0,0,0,0,0,0,0,0,0,0,0,0,0,0,0,0,0,0,0,0,0,0,0,0,0,0,0,0,0,0,0,0,
60,gtm_migration,2,0,0,0,0,0,0,0,0,0,0,0,0,0,0,0,0,0,0,0,0,0,0,0,0,0,0,0,0,0,0,0,0,0,0,0,0,0,0,0,
61,gtm_migration,3,0,0,0,0,0,0,0,0,0,0,0,0,0,0,0,0,0,0,0,0,0,0,0,0,0,0,0,0,0,0,0,0,0,0,0,0,0,0,0,
62,gtm_migration,4,0,0,0,0,0,0,0,0,0,0,0,0,0,0,0,0,0,0,0,0,0,0,0,0,0,0,0,0,0,0,0,0,0,0,0,0,0,0,0,
63,gtm_migration,5,,,,,,,,,,,,,,,,,,,,,,,,,,,,,,,,,,,,,,,,
64,gtm_migration,5-a,0,0,0,0,0,0,0,0,0,0,0,0,0,0,0,0,0,0,0,0,0,0,0,0,0,0,0,0,0,0,0,0,0,0,0,0,0,0,0,
65,gtm_migration,5-b,0,0,0,0,0,0,0,0,0,0,0,0,0,0,0,0,0,0,0,0,0,0,0,0,0,0,0,0,0,0,0,0,0,0,0,0,0,0,0,
66,gtm_migration,6,0,0,0,0,0,0,0,0,0,0,0,0,0,0,0,0,0,0,0,0,0,0,0,0,0,0,0,0,0,0,0,0,0,0,0,0,0,0,0,
67,gtm_migration,7,0,0,0,0,0,0,0,0,0,0,0,0,0,0,0,0,0,0,0,0,0,0,0,0,0,0,0,0,0,0,0,0,0,0,0,0,0,0,0,
68,gtm_migration,8,,,,,,,,,,,,,,,,,,,,,,,,,,,,,,,,,,,,,,,,
69,gtm_migration,8-a,0,0,0,0,0,0,0,0,0,0,0,0,0,0,0,0,0,0,0,0,0,0,0,0,0,0,0,0,0,0,0,0,0,0,0,0,0,0,0,
70,gtm_migration,8-b,0,0,0,0,0,0,0,0,0,0,0,0,0,0,0,0,0,0,0,0,0,0,0,0,0,0,0,0,0,0,0,0,0,0,0,0,0,0,0,
71,gtm_migration,8-c,0,0,0,0,0,0,0,0,0,0,0,0,0,0,0,0,0,0,0,0,0,0,0,0,0,0,0,0,0,0,0,0,0,0,0,0,0,0,0,
72,gtm_migration,9,,,,,,,,,,,,,,,,,,,,,,,,,,,,,,,,,,,,,,,,
73,gtm_migration,9-a,0,0,0,0,0,0,0,0,0,0,0,0,0,0,0,0,0,0,0,0,0,0,0,0,0,0,0,0,0,0,0,0,0,0,0,0,0,0,0,
74,gtm_migration,9-b,0,0,0,0,0,0,0,0,0,0,0,0,0,0,0,0,0,0,0,0,0,0,0,0,0,0,0,0,0,0,0,0,0,0,0,0,0,0,0,
75,gtm_migration,10,0,0,0,0,0,0,0,0,0,0,0,0,0,0,0,0,0,0,0,0,0,0,0,0,0,0,0,0,0,0,0,0,0,0,0,0,0,0,0,
76,gtm_migration,11,0,0,0,0,0,0,0,0,0,0,0,0,0,0,0,0,0,0,0,0,0,0,0,0,0,0,0,0,0,0,0,0,0,0,0,0,0,0,0,
77,gtm_migration,12,,,,,,,,,,,,,,,,,,,,,,,,,,,,,,,,,,,,,,,,
78,gtm_migration,12-a,0,0,0,0,0,0,0,0,0,0,0,0,0,0,0,0,0,0,0,0,0,0,0,0,0,0,0,0,0,0,0,0,0,0,0,0,0,0,0,
79,gtm_migration,12-b,0,0,0,0,0,0,0,0,0,0,0,0,0,0,0,0,0,0,0,0,0,0,0,0,0,0,0,0,0,0,0,0,0,0,0,0,0,0,0,
80,gtm_migration,12-c,0,0,0,0,0,0,0,0,0,0,0,0,0,0,0,0,0,0,0,0,0,0,0,0,0,0,0,0,0,0,0,0,0,0,0,0,0,0,0,
81,gtm_migration,12-d,0,0,0,0,0,0,0,0,0,0,0,0,0,0,0,0,0,0,0,0,0,0,0,0,0,0,0,0,0,0,0,0,0,0,0,0,0,0,0,
82,gtm_migration,13,,,,,,,,,,,,,,,,,,,,,,,,,,,,,,,,,,,,,,,,
83,gtm_migration,13-a,0,0,0,0,0,0,0,0,0,0,0,0,0,0,0,0,0,0,0,0,0,0,0,0,0,0,0,0,0,0,0,0,0,0,0,0,0,0,0,
84,gtm_migration,13-b,0,0,0,0,0,0,0,0,0,0,0,0,0,0,0,0,0,0,0,0,0,0,0,0,0,0,0,0,0,0,0,0,0,0,0,0,0,0,0,
85,gtm_migration,13-c,0,0,0,0,0,0,0,0,0,0,0,0,0,0,0,0,0,0,0,0,0,0,0,0,0,0,0,0,0,0,0,0,0,0,0,0,0,0,0,
86,gtm_migration,14,0,0,0,0,0,0,0,0,0,0,0,0,0,0,0,0,0,0,0,0,0,0,0,0,0,0,0,0,0,0,0,0,0,0,0,0,0,0,0,
87,gtm_migration,15,0,0,0,0,0,0,0,0,0,0,0,0,0,0,0,0,0,0,0,0,0,0,0,0,0,0,0,0,0,0,0,0,0,0,0,0,0,0,0,
88,hnd_eta,1,0,0,0,0,0,0,0,44969,19868,5000,5000,2500,10000,2500,0,0,0,0,0,0,0,0,0,0,0,0,0,0,0,1000,2000,183,2339,0,0,1000,3000,1308,1182,
89,hnd_eta,2,0,0,0,0,0,0,0,44868,19868,10000,3000,5000,5000,2000,0,0,0,0,0,0,0,0,0,0,0,0,0,0,0,1000,2000,183,2339,0,0,1000,3000,1308,1182,
90,hnd_eta,3,0,0,0,0,0,0,0,0,0,0,0,0,0,0,0,0,0,0,0,0,0,0,0,0,0,0,0,0,0,0,0,0,0,0,0,0,0,0,1,
91,hnd_eta,4,0,0,0,0,0,0,0,0,0,0,0,0,0,0,0,0,0,0,0,0,0,0,0,0,0,0,0,0,0,0,0,0,0,0,0,0,0,0,0,
92,hnd_eta,5,,,,,,,,,,,,,,,,,,,,,,,,,,,,,,,,,,,,,,,,
93,hnd_eta,5-a,0,0,0,0,0,0,0,63711.89,38868,10000,7440,2500,1500,3403.89,0,0,0,0,0,0,0,0,0,0,0,0,0,0,0,3000,3000,323,369,0,0,3000,3000,3043,3155,
94,hnd_eta,5-b,0,0,0,0,0,0,0,0,0,0,0,0,0,0,0,0,0,0,0,0,0,0,0,0,0,0,0,0,0,0,0,0,0,0,0,0,0,0,0,
95,hnd_eta,6,0,0,0,0,0,0,0,0,0,0,0,0,0,0,0,0,0,0,0,0,0,0,0,0,0,0,0,0,0,0,0,0,0,0,0,0,0,0,0,
96,hnd_eta,7,0,0,0,0,0,0,0,4744.8,2459,1000,235.8,500,200,350,0,0,0,0,0,0,0,0,0,0,0,0,0,0,0,500,500,500,500,0,0,0,0,0,0,
97,hnd_eta,8,,,,,,,,,,,,,,,,,,,,,,,,,,,,,,,,,,,,,,,,
98,hnd_eta,8-a,0,0,0,0,0,0,0,609000,40000,100000,150000,124000,150000,45000,0,0,0,0,0,0,0,0,0,0,0,0,0,0,0,3000,3000,4479,4739,4479,0,3000,3000,1709,1817,
99,hnd_eta,8-b,0,0,0,0,0,0,0,0,0,0,0,0,0,0,0,0,0,0,0,0,0,0,0,0,0,0,0,0,0,0,0,0,0,0,0,0,0,0,0,
100,hnd_eta,8-c,0,0,0,0,0,0,0,0,0,0,0,0,0,0,0,0,0,0,0,0,0,0,0,0,0,0,0,0,0,0,0,0,0,0,0,0,0,0,0,
101,hnd_eta,9,,,,,,,,,,,,,,,,,,,,,,,,,,,,,,,,,,,,,,,,
102,hnd_eta,9-a,0,0,0,0,0,0,0,28090,5000,4000,5000,10000,2500,1590,0,0,0,0,0,0,0,0,0,0,0,0,0,0,0,250,250,5,8,0,0,250,250,5,20,
103,hnd_eta,9-b,0,0,0,0,0,0,0,0,0,0,0,0,0,0,0,0,0,0,0,0,0,0,0,0,0,0,0,0,0,0,0,0,0,0,0,0,0,0,0,
104,hnd_eta,10,0,0,0,0,0,0,0,5139,875,2000,700,500,704,360,0,0,0,0,0,0,0,0,0,0,0,0,0,0,0,0,3000,0,396,0,0,0,3000,0,2703,
105,hnd_eta,11,0,0,0,0,0,0,0,0,0,0,0,0,0,0,0,0,0,0,0,0,0,0,0,0,0,0,0,0,0,0,0,0,0,0,0,0,0,0,0,
106,hnd_eta,12,,,,,,,,,,,,,,,,,,,,,,,,,,,,,,,,,,,,,,,,
107,hnd_eta,12-a,0,0,0,0,0,0,0,0,0,0,0,0,0,0,0,0,0,0,0,0,0,0,0,0,0,0,0,0,0,0,0,0,0,0,0,0,0,0,0,
108,hnd_eta,12-b,0,0,0,0,0,0,0,0,0,0,0,0,0,0,0,0,0,0,0,0,0,0,0,0,0,0,0,0,0,0,0,0,0,0,0,0,0,0,0,
109,hnd_eta,12-c,0,0,0,0,0,0,0,0,0,0,0,0,0,0,0,0,0,0,0,0,0,0,0,0,0,0,0,0,0,0,0,0,0,0,0,0,0,0,0,
110,hnd_eta,12-d,0,0,0,0,0,0,0,0,0,0,0,0,0,0,0,0,0,0,0,0,0,0,0,0,0,0,0,0,0,0,0,0,0,0,0,0,0,0,0,
111,hnd_eta,13,,,,,,,,,,,,,,,,,,,,,,,,,,,,,,,,,,,,,,,,
112,hnd_eta,13-a,0,0,0,0,0,0,0,0,0,0,0,0,0,0,0,0,0,0,0,0,0,0,0,0,0,0,0,0,0,0,0,0,0,0,0,0,0,0,0,
113,hnd_eta,13-b,0,0,0,0,0,0,0,0,0,0,0,0,0,0,0,0,0,0,0,0,0,0,0,0,0,0,0,0,0,0,0,0,0,0,0,0,0,0,0,
114,hnd_eta,13-c,0,0,0,0,0,0,0,0,0,0,0,0,0,0,0,0,0,0,0,0,0,0,0,0,0,0,0,0,0,0,0,0,0,0,0,0,0,0,0,
115,hnd_eta,14,0,0,0,0,0,0,0,0,0,0,0,0,0,0,0,0,0,0,0,0,0,0,0,0,0,0,0,0,0,0,0,0,0,0,0,0,0,0,0,
116,hnd_eta,15,0,0,0,0,0,0,0,0,0,0,0,0,0,0,0,0,0,0,0,0,0,0,0,0,0,0,0,0,0,0,0,0,0,0,0,0,0,0,0,
117,hnd_migration,1,0,0,0,0,0,0,0,22500,4375,3000,2500,5000,5000,2625,29414,4914,6000,10000,5000,2000,1500,0,0,0,0,0,0,0,0,1000,1013,113,798,0,0,1120,1300,556,1173,
118,hnd_migration,2,0,0,0,0,0,0,0,25500,5700,3000,4000,5000,5000,2800,18776,3276,5000,4500,3000,2000,1000,0,0,0,0,0,0,0,0,1000,1013,113,798,0,0,1120,1300,556,1173,
119,hnd_migration,3,0,0,0,0,0,0,0,13900,4500,3000,1500,2500,1000,1400,12576,3276,4000,1000,500,1800,2000,0,0,0,0,0,0,0,0,1000,1013,113,798,0,0,1120,1300,556,1173,
120,hnd_migration,4,0,0,0,0,0,0,0,0,0,0,0,0,0,0,0,0,0,0,0,0,0,0,0,0,0,0,0,0,0,0,0,0,0,0,0,0,0,0,0,
121,hnd_migration,5,,,,,,,,,,,,,,,,,,,,,,,,,,,,,,,,,,,,,,,,
122,hnd_migration,5-a,0,0,0,0,0,0,0,18175,4375,2000,5500,3000,2500,800,23862,5244,4098,3320,1500,3000,6800,0,0,0,0,0,0,0,0,520,549,720,769,0,0,1175,1175,1467,1472,
123,hnd_migration,5-b,0,0,0,0,0,0,0,0,0,0,0,0,0,0,0,0,0,0,0,0,0,0,0,0,0,0,0,0,0,0,0,0,0,0,0,0,0,0,0,
124,hnd_migration,6,0,0,0,0,0,0,0,23537,4375,3400,8062,3800,2000,1900,23912.51,5244,4098,3620.51,1550,3000,6300,0,0,0,0,0,0,0,0,520,549,720,769,0,0,1175,1175,1467,1472,
125,hnd_migration,7,0,0,0,0,0,0,0,0,0,0,0,0,0,0,0,0,0,0,0,0,0,0,0,0,0,0,0,0,0,0,0,0,0,0,0,0,0,0,0,
126,hnd_migration,8,,,,,,,,,,,,,,,,,,,,,,,,,,,,,,,,,,,,,,,,
127,hnd_migration,8-a,0,0,0,0,0,0,0,17832,7532,2500,3000,2500,1300,1000,37704,6557,6147,10000,3000,7000,5000,0,0,0,0,0,0,0,0,1000,1069,720,769,0,0,1175,1175,1467,1472,
128,hnd_migration,8-b,0,0,0,0,0,0,0,0,0,0,0,0,0,0,18300,4300,2000,1000,5000,1000,5000,0,0,0,0,0,0,0,0,0,0,0,0,0,0,1175,1175,1467,1472,
129,hnd_migration,8-c,0,0,0,0,0,0,0,0,0,0,0,0,0,0,0,0,0,0,0,0,0,0,0,0,0,0,0,0,0,0,0,0,0,0,0,0,0,0,0,
130,hnd_migration,9,,,,,,,,,,,,,,,,,,,,,,,,,,,,,,,,,,,,,,,,
131,hnd_migration,9-a,0,0,0,0,0,0,0,0,0,0,0,0,0,0,11511,1311,3600,3000,1500,1500,600,0,0,0,0,0,0,0,0,0,0,0,0,0,0,25,28,17,43,
132,hnd_migration,9-b,0,0,0,0,0,0,0,0,0,0,0,0,0,0,0,0,0,0,0,0,0,0,0,0,0,0,0,0,0,0,0,0,0,0,0,0,0,0,0,
133,hnd_migration,10,0,0,0,0,0,0,0,0,0,0,0,0,0,0,13640,6640,1500,2000,1000,500,2000,0,0,0,0,0,0,0,0,0,0,0,0,0,0,0,520,0,436,
134,hnd_migration,11,0,0,0,0,0,0,0,0,0,0,0,0,0,0,0,0,0,0,0,0,0,0,0,0,0,0,0,0,0,0,0,0,0,0,0,0,0,0,0,
135,hnd_migration,12,,,,,,,,,,,,,,,,,,,,,,,,,,,,,,,,,,,,,,,,
136,hnd_migration,12-a,0,0,0,0,0,0,0,0,0,0,0,0,0,0,0,0,0,0,0,0,0,0,0,0,0,0,0,0,0,0,0,0,0,0,0,0,0,0,0,
137,hnd_migration,12-b,0,0,0,0,0,0,0,0,0,0,0,0,0,0,0,0,0,0,0,0,0,0,0,0,0,0,0,0,0,0,0,0,0,0,0,0,0,0,0,
138,hnd_migration,12-c,0,0,0,0,0,0,0,0,0,0,0,0,0,0,0,0,0,0,0,0,0,0,0,0,0,0,0,0,0,0,0,0,0,0,0,0,0,0,0,
139,hnd_migration,12-d,0,0,0,0,0,0,0,12917,2049,4000,1368,3000,1000,1500,19819.27,4303.27,2500,4216,4000,1800,3000,0,0,0,0,0,0,0,0,0,2113,0,865,0,0,0,520,0,436,
140,hnd_migration,13,,,,,,,,,,,,,,,,,,,,,,,,,,,,,,,,,,,,,,,,
141,hnd_migration,13-a,0,0,0,0,0,0,0,0,0,0,0,0,0,0,0,0,0,0,0,0,0,0,0,0,0,0,0,0,0,0,0,0,0,0,0,0,0,0,0,
142,hnd_migration,13-b,0,0,0,0,0,0,0,0,0,0,0,0,0,0,0,0,0,0,0,0,0,0,0,0,0,0,0,0,0,0,0,0,0,0,0,0,0,0,0,
143,hnd_migration,13-c,0,0,0,0,0,0,0,0,0,0,0,0,0,0,0,0,0,0,0,0,0,0,0,0,0,0,0,0,0,0,0,0,0,0,0,0,0,0,0,
144,hnd_migration,14,0,0,0,0,0,0,0,0,0,0,0,0,0,0,0,0,0,0,0,0,0,0,0,0,0,0,0,0,0,0,0,0,0,0,0,0,0,0,0,
145,hnd_migration,15,0,0,0,0,0,0,0,0,0,0,0,0,0,0,0,0,0,0,0,0,0,0,0,0,0,0,0,0,0,0,0,0,0,0,0,0,0,0,0,
146,nic_eta,1,0,0,0,0,0,0,0,68000,18000,20000,10000,15000,0,5000,48000,18000,10000,,10000,0,10000,0,0,0,0,0,0,,,8863,8863,10089,10089,0,0,0,,4000,4000,
147,nic_eta,2,0,0,0,0,0,0,0,73000,18000,30000,10000,10000,0,5000,38000,10000,8000,5000,5000,5000,5000,0,0,0,0,0,0,0,0,6767,6767,6093,6093,0,0,0,,4000,4000,
148,nic_eta,3,0,0,0,0,0,0,0,0,0,0,0,0,0,0,0,0,0,0,0,0,0,0,0,0,0,0,0,0,0,600,750,500,600,0,0,0,0,100,100,
149,nic_eta,4,0,0,0,0,0,0,0,61710,0,0,61710,0,0,0,1500,0,0,1500,0,0,0,0,0,0,0,0,0,0,0,4661,4661,5887,5888,0,0,0,0,2000,2000,
150,nic_eta,5,,,,,,,,,,,,,,,,,,,,,,,,,,,,,,,,,,,,,,,,
151,nic_eta,5-a,0,0,0,0,0,0,0,75178,0,10000,45178,0,0,20000,20390,0,10000,390,5000,5000,0,0,0,0,0,0,0,0,0,7000,7000,27517,27518,0,0,0,0,0,0,
152,nic_eta,5-b,0,0,0,0,0,0,0,24170,0,0,24170,0,0,0,308,0,0,308,0,0,0,0,0,0,0,0,0,0,0,0,0,40000,40724,0,0,0,0,8735,10000,
153,nic_eta,6,0,0,0,0,0,0,0,76986,0,0,76986,0,0,0,12152,0,10000,2152,0,0,0,0,0,0,0,0,0,0,0,0,0,0,0,0,0,0,0,0,0,
154,nic_eta,7,0,0,0,0,0,0,0,0,0,0,0,0,0,0,10647,,0,647,5000,5000,0,0,0,0,0,0,0,0,0,7000,7000,24517,24518,0,0,0,0,3000,3000,
155,nic_eta,8,,,,,,,,,,,,,,,,,,,,,,,,,,,,,,,,,,,,,,,,
156,nic_eta,8-a,0,0,0,0,0,0,0,143386,10000,25000,3836,75000,10000,20000,37690,8000,10000,1910,12780,5000,0,0,0,0,0,0,0,0,0,18650,18650,14454,14354,0,,0,0,5200,5300,
157,nic_eta,8-b,0,0,0,0,0,0,0,65000,30000,15000,0,10000,0,10000,25000,10000,10000,0,0,5000,0,0,0,0,0,0,0,0,0,0,0,0,0,0,0,0,0,0,0,
158,nic_eta,8-c,0,0,0,0,0,0,0,0,0,0,0,0,0,0,0,0,0,0,0,0,0,0,0,0,0,0,0,0,0,0,0,0,0,0,0,0,0,0,0,
159,nic_eta,9,,,,,,,,,,,,,,,,,,,,,,,,,,,,,,,,,,,,,,,,
160,nic_eta,9-a,0,0,0,0,0,0,0,20000,10000,10000,0,0,0,0,10000,10000,0,0,0,0,0,0,0,0,0,0,0,0,0,750,750,1014,1014,0,0,0,0,600,600,
161,nic_eta,9-b,0,0,0,0,0,0,0,0,0,0,0,0,0,0,0,0,0,0,0,0,0,0,0,0,0,0,0,0,0,0,0,0,0,0,0,0,0,0,0,
162,nic_eta,10,0,0,0,0,0,0,0,75000,20000,15000,10000,20000,0,10000,40000,10000,10000,10000,5000,5000,0,0,0,0,0,0,0,0,0,2788,2789,8705,8706,0,0,0,0,2000,2000,
163,nic_eta,11,0,0,0,0,0,0,0,12574,0,10000,0,2574,0,0,0,0,0,0,0,0,0,0,0,0,0,0,0,0,0,0,0,0,0,0,0,0,0,0,0,
164,nic_eta,12,,,,,,,,,,,,,,,,,,,,,,,,,,,,,,,,,,,,,,,,
165,nic_eta,12-a,0,0,0,0,0,0,0,25000,0,0,25000,0,0,0,1025,0,0,307,718,0,0,0,0,0,0,0,0,0,0,2788,2786,8205,8206,0,0,0,0,2500,2500,
166,nic_eta,12-b,0,0,0,0,0,0,0,0,0,0,0,0,0,0,0,0,0,0,0,0,0,0,0,0,0,0,0,0,0,0,0,0,0,0,0,0,0,0,0,
167,nic_eta,12-c,0,0,0,0,0,0,0,5000,0,0,5000,0,0,0,0,0,0,0,0,0,0,0,0,0,0,0,0,0,0,2788,2786,8205,8206,0,0,0,0,2500,2500,
168,nic_eta,12-d,0,0,0,0,0,0,0,0,0,0,0,0,0,0,0,0,0,0,0,0,0,0,0,0,0,0,0,0,0,0,0,0,0,0,0,0,0,0,0,
169,nic_eta,13,,,,,,,,,,,,,,,,,,,,,,,,,,,,,,,,,,,,,,,,
170,nic_eta,13-a,0,0,0,0,0,0,0,0,0,0,0,0,0,0,0,0,0,0,0,0,0,0,0,0,0,0,0,0,0,0,4500,0,3735,0,0,0,0,,1200,
171,nic_eta,13-b,0,0,0,0,0,0,0,0,0,0,0,0,0,0,0,0,0,0,0,0,0,0,0,0,0,0,0,0,0,0,0,0,0,0,0,0,0,0,0,
172,nic_eta,13-c,0,0,0,0,0,0,0,0,0,0,0,0,0,0,0,0,0,0,0,0,0,0,0,0,0,0,0,0,0,0,0,0,0,0,0,0,0,0,0,
173,nic_eta,14,0,0,0,0,0,0,0,0,0,0,0,0,0,0,0,0,0,0,0,0,0,0,0,0,0,0,0,0,0,0,0,0,0,0,0,0,0,0,0,
174,nic_eta,15,0,0,0,0,0,0,0,0,0,0,0,0,0,0,0,0,0,0,0,0,0,0,0,0,0,0,0,0,0,0,557,0,557,0,0,0,0,0,0,
175,nic_migration,1,0,0,0,0,0,0,0,0,0,0,0,0,0,0,0,0,0,0,0,0,0,0,0,0,0,0,0,0,0,0,0,0,0,0,0,0,0,0,0,
176,nic_migration,2,0,0,0,0,0,0,0,0,0,0,0,0,0,0,0,0,0,0,0,0,0,0,0,0,0,0,0,0,0,0,0,0,0,0,0,0,0,0,0,
177,nic_migration,3,0,0,0,0,0,0,0,0,0,0,0,0,0,0,0,0,0,0,0,0,0,0,0,0,0,0,0,0,0,0,0,0,0,0,0,0,0,0,0,
178,nic_migration,4,0,0,0,0,0,0,0,0,0,0,0,0,0,0,0,0,0,0,0,0,0,0,0,0,0,0,0,0,0,0,0,0,0,0,0,0,0,0,0,
179,nic_migration,5,,,,,,,,,,,,,,,,,,,,,,,,,,,,,,,,,,,,,,,,
180,nic_migration,5-a,0,0,0,0,0,0,0,0,0,0,0,0,0,0,0,0,0,0,0,0,0,0,0,0,0,0,0,0,0,0,0,0,0,0,0,0,0,0,0,
181,nic_migration,5-b,0,0,0,0,0,0,0,0,0,0,0,0,0,0,0,0,0,0,0,0,0,0,0,0,0,0,0,0,0,0,0,0,0,0,0,0,0,0,0,
182,nic_migration,6,0,0,0,0,0,0,0,0,0,0,0,0,0,0,0,0,0,0,0,0,0,0,0,0,0,0,0,0,0,0,0,0,0,0,0,0,0,0,0,
183,nic_migration,7,0,0,0,0,0,0,0,0,0,0,0,0,0,0,0,0,0,0,0,0,0,0,0,0,0,0,0,0,0,0,0,0,0,0,0,0,0,0,0,
184,nic_migration,8,,,,,,,,,,,,,,,,,,,,,,,,,,,,,,,,,,,,,,,,
185,nic_migration,8-a,0,0,0,0,0,0,0,0,0,0,0,0,0,0,0,0,0,0,0,0,0,0,0,0,0,0,0,0,0,0,0,0,0,0,0,0,0,0,0,
186,nic_migration,8-b,0,0,0,0,0,0,0,0,0,0,0,0,0,0,0,0,0,0,0,0,0,0,0,0,0,0,0,0,0,0,0,0,0,0,0,0,0,0,0,
187,nic_migration,8-c,0,0,0,0,0,0,0,0,0,0,0,0,0,0,0,0,0,0,0,0,0,0,0,0,0,0,0,0,0,0,0,0,0,0,0,0,0,0,0,
188,nic_migration,9,,,,,,,,,,,,,,,,,,,,,,,,,,,,,,,,,,,,,,,,
189,nic_migration,9-a,0,0,0,0,0,0,0,0,0,0,0,0,0,0,0,0,0,0,0,0,0,0,0,0,0,0,0,0,0,0,0,0,0,0,0,0,0,0,0,
190,nic_migration,9-b,0,0,0,0,0,0,0,0,0,0,0,0,0,0,0,0,0,0,0,0,0,0,0,0,0,0,0,0,0,0,0,0,0,0,0,0,0,0,0,
191,nic_migration,10,0,0,0,0,0,0,0,0,0,0,0,0,0,0,0,0,0,0,0,0,0,0,0,0,0,0,0,0,0,0,0,0,0,0,0,0,0,0,0,
192,nic_migration,11,0,0,0,0,0,0,0,0,0,0,0,0,0,0,0,0,0,0,0,0,0,0,0,0,0,0,0,0,0,0,0,0,0,0,0,0,0,0,0,
193,nic_migration,12,,,,,,,,,,,,,,,,,,,,,,,,,,,,,,,,,,,,,,,,
194,nic_migration,12-a,0,0,0,0,0,0,0,0,0,0,0,0,0,0,0,0,0,0,0,0,0,0,0,0,0,0,0,0,0,0,0,0,0,0,0,0,0,0,0,
195,nic_migration,12-b,0,0,0,0,0,0,0,0,0,0,0,0,0,0,0,0,0,0,0,0,0,0,0,0,0,0,0,0,0,0,0,0,0,0,0,0,0,0,0,
196,nic_migration,12-c,0,0,0,0,0,0,0,0,0,0,0,0,0,0,0,0,0,0,0,0,0,0,0,0,0,0,0,0,0,0,0,0,0,0,0,0,0,0,0,
197,nic_migration,12-d,0,0,0,0,0,0,0,0,0,0,0,0,0,0,0,0,0,0,0,0,0,0,0,0,0,0,0,0,0,0,0,0,0,0,0,0,0,0,0,
198,nic_migration,13,,,,,,,,,,,,,,,,,,,,,,,,,,,,,,,,,,,,,,,,
199,nic_migration,13-a,0,0,0,0,0,0,0,0,0,0,0,0,0,0,0,0,0,0,0,0,0,0,0,0,0,0,0,0,0,0,0,0,0,0,0,0,0,0,0,
200,nic_migration,13-b,0,0,0,0,0,0,0,0,0,0,0,0,0,0,0,0,0,0,0,0,0,0,0,0,0,0,0,0,0,0,0,0,0,0,0,0,0,0,0,
201,nic_migration,13-c,0,0,0,0,0,0,0,0,0,0,0,0,0,0,0,0,0,0,0,0,0,0,0,0,0,0,0,0,0,0,0,0,0,0,0,0,0,0,0,
202,nic_migration,14,0,0,0,0,0,0,0,0,0,0,0,0,0,0,0,0,0,0,0,0,0,0,0,0,0,0,0,0,0,0,0,0,0,0,0,0,0,0,0,
203,nic_migration,15,0,0,0,0,0,0,0,0,0,0,0,0,0,0,0,0,0,0,0,0,0,0,0,0,0,0,0,0,0,0,0,0,0,0,0,0,0,0,0,
204,pan_migration,1,0,0,0,0,0,0,0,0,0,0,0,0,0,0,0,0,0,0,0,0,0,0,0,0,0,0,0,0,0,0,0,0,0,0,0,0,0,0,0,
205,pan_migration,2,0,0,0,0,0,0,0,0,0,0,0,0,0,0,0,0,0,0,0,0,0,0,0,0,0,0,0,0,0,0,0,0,0,0,0,0,0,0,0,
206,pan_migration,3,0,0,0,0,0,0,0,0,0,0,0,0,0,0,0,0,0,0,0,0,0,0,0,0,0,0,0,0,0,0,0,0,0,0,0,0,0,0,0,
207,pan_migration,4,0,0,0,0,0,0,0,0,0,0,0,0,0,0,0,0,0,0,0,0,0,0,0,0,0,0,0,0,0,0,0,0,0,0,0,0,0,0,0,
208,pan_migration,5,,,,,,,,,,,,,,,,,,,,,,,,,,,,,,,,,,,,,,,,
209,pan_migration,5-a,0,0,0,0,0,0,0,0,0,0,0,0,0,0,0,0,0,0,0,0,0,0,0,0,0,0,0,0,0,0,0,0,0,0,0,0,0,0,0,
210,pan_migration,5-b,0,0,0,0,0,0,0,0,0,0,0,0,0,0,0,0,0,0,0,0,0,0,0,0,0,0,0,0,0,0,0,0,0,0,0,0,0,0,0,
211,pan_migration,6,0,0,0,0,0,0,0,0,0,0,0,0,0,0,0,0,0,0,0,0,0,0,0,0,0,0,0,0,0,0,0,0,0,0,0,0,0,0,0,
212,pan_migration,7,0,0,0,0,0,0,0,0,0,0,0,0,0,0,0,0,0,0,0,0,0,0,0,0,0,0,0,0,0,0,0,0,0,0,0,0,0,0,0,
213,pan_migration,8,,,,,,,,,,,,,,,,,,,,,,,,,,,,,,,,,,,,,,,,
214,pan_migration,8-a,0,0,0,0,0,0,0,0,0,0,0,0,0,0,0,0,0,0,0,0,0,0,0,0,0,0,0,0,0,0,0,0,0,0,0,0,0,0,0,
215,pan_migration,8-b,0,0,0,0,0,0,0,0,0,0,0,0,0,0,0,0,0,0,0,0,0,0,0,0,0,0,0,0,0,0,0,0,0,0,0,0,0,0,0,
216,pan_migration,8-c,0,0,0,0,0,0,0,0,0,0,0,0,0,0,0,0,0,0,0,0,0,0,0,0,0,0,0,0,0,0,0,0,0,0,0,0,0,0,0,
217,pan_migration,9,,,,,,,,,,,,,,,,,,,,,,,,,,,,,,,,,,,,,,,,
218,pan_migration,9-a,0,0,0,0,0,0,0,0,0,0,0,0,0,0,0,0,0,0,0,0,0,0,0,0,0,0,0,0,0,0,0,0,0,0,0,0,0,0,0,
219,pan_migration,9-b,0,0,0,0,0,0,0,0,0,0,0,0,0,0,0,0,0,0,0,0,0,0,0,0,0,0,0,0,0,0,0,0,0,0,0,0,0,0,0,
220,pan_migration,10,0,0,0,0,0,0,0,0,0,0,0,0,0,0,0,0,0,0,0,0,0,0,0,0,0,0,0,0,0,0,0,0,0,0,0,0,0,0,0,
221,pan_migration,11,0,0,0,0,0,0,0,0,0,0,0,0,0,0,0,0,0,0,0,0,0,0,0,0,0,0,0,0,0,0,0,0,0,0,0,0,0,0,0,
222,pan_migration,12,,,,,,,,,,,,,,,,,,,,,,,,,,,,,,,,,,,,,,,,
223,pan_migration,12-a,0,0,0,0,0,0,0,0,0,0,0,0,0,0,0,0,0,0,0,0,0,0,0,0,0,0,0,0,0,0,0,0,0,0,0,0,0,0,0,
224,pan_migration,12-b,0,0,0,0,0,0,0,0,0,0,0,0,0,0,0,0,0,0,0,0,0,0,0,0,0,0,0,0,0,0,0,0,0,0,0,0,0,0,0,
225,pan_migration,12-c,0,0,0,0,0,0,0,0,0,0,0,0,0,0,0,0,0,0,0,0,0,0,0,0,0,0,0,0,0,0,0,0,0,0,0,0,0,0,0,
226,pan_migration,12-d,0,0,0,0,0,0,0,0,0,0,0,0,0,0,0,0,0,0,0,0,0,0,0,0,0,0,0,0,0,0,0,0,0,0,0,0,0,0,0,
227,pan_migration,13,,,,,,,,,,,,,,,,,,,,,,,,,,,,,,,,,,,,,,,,
228,pan_migration,13-a,0,0,0,0,0,0,0,0,0,0,0,0,0,0,0,0,0,0,0,0,0,0,0,0,0,0,0,0,0,0,0,0,0,0,0,0,0,0,0,
229,pan_migration,13-b,0,0,0,0,0,0,0,0,0,0,0,0,0,0,0,0,0,0,0,0,0,0,0,0,0,0,0,0,0,0,0,0,0,0,0,0,0,0,0,
230,pan_migration,13-c,0,0,0,0,0,0,0,0,0,0,0,0,0,0,0,0,0,0,0,0,0,0,0,0,0,0,0,0,0,0,0,0,0,0,0,0,0,0,0,
231,pan_migration,14,0,0,0,0,0,0,0,0,0,0,0,0,0,0,0,0,0,0,0,0,0,0,0,0,0,0,0,0,0,0,0,0,0,0,0,0,0,0,0,
232,pan_migration,15,0,0,0,0,0,0,0,0,0,0,0,0,0,0,0,0,0,0,0,0,0,0,0,0,0,0,0,0,0,0,0,0,0,0,0,0,0,0,0,
233,col_migration,1,0,0,0,0,0,0,0,0,0,0,0,0,0,0,0,0,0,0,0,0,0,0,0,0,0,0,0,0,0,0,0,0,0,0,0,0,0,0,0,
234,col_migration,2,0,0,0,0,0,0,0,0,0,0,0,0,0,0,0,0,0,0,0,0,0,0,0,0,0,0,0,0,0,14442,14442,3461,9337,0,0,8950,18170,1677,3805,
235,col_migration,3,0,0,0,0,0,0,0,0,0,0,0,0,0,0,0,0,0,0,0,0,0,0,0,0,0,0,0,0,0,0,0,0,0,0,0,,,0,0,
236,col_migration,4,0,0,0,0,0,0,0,0,0,0,0,0,0,0,0,0,0,0,0,0,0,0,0,0,0,0,0,0,0,0,0,0,0,0,0,0,0,0,0,
237,col_migration,5,,,,,,,,,,,,,,,,,,,,,,,,,,,,,,,,,,,,,,,,
238,col_migration,5-a,0,0,0,0,0,0,0,0,0,0,0,0,0,0,0,0,0,0,0,0,0,0,0,0,0,0,0,0,0,0,0,0,0,0,0,0,0,0,0,
239,col_migration,5-b,0,0,0,0,0,0,0,0,0,0,0,0,0,0,0,0,0,0,0,0,0,0,0,0,0,0,0,0,0,0,0,0,0,0,0,3805,4543,1033,1048,
240,col_migration,6,0,0,0,0,0,0,0,0,0,0,0,0,0,0,0,0,0,0,0,0,0,0,0,0,0,0,0,0,0,0,0,0,0,0,0,0,0,0,0,
241,col_migration,7,0,0,0,0,0,0,0,0,0,0,0,0,0,0,0,0,0,0,0,0,0,0,0,0,0,0,0,0,0,0,,,,0,0,0,0,0,0,
242,col_migration,8,,,,,,,,,,,,,,,,,,,,,,,,,,,,,,,,,,,,,,,,
243,col_migration,8-a,0,0,0,0,0,0,0,0,0,0,0,0,0,0,0,0,0,0,0,0,0,0,0,0,0,0,0,0,0,0,0,0,0,0,0,0,0,0,0,
244,col_migration,8-b,0,0,0,0,0,0,0,0,0,0,0,0,0,0,0,0,,0,0,0,0,37422,0,13904,0,2012,2044,0,0,4723,4723,2928,2936,0,0,3805,4543,1949,1990,
245,col_migration,8-c,0,0,0,0,0,0,0,0,0,0,0,0,0,0,0,0,0,0,0,0,0,0,0,0,0,0,0,0,0,0,0,0,0,0,0,0,0,0,0,
246,col_migration,9,,,,,,,,,,,,,,,,,,,,,,,,,,,,,,,,,,,,,,,,
247,col_migration,9-a,0,0,0,0,0,0,0,0,0,0,0,0,0,0,0,0,0,0,0,0,0,0,0,0,0,0,0,0,0,110,110,145,157,0,0,162,198,374,351,
248,col_migration,9-b,0,0,0,0,0,0,0,0,0,0,0,0,0,0,0,0,0,0,0,0,0,0,0,0,0,0,0,0,0,0,0,0,0,0,0,0,0,0,0,
249,col_migration,10,0,0,0,0,0,0,0,0,0,0,0,0,0,0,0,0,0,0,0,0,0,0,0,0,0,0,0,0,0,0,0,0,0,0,0,0,0,0,0,
250,col_migration,11,0,0,0,0,0,0,0,0,0,0,0,0,0,0,0,0,0,0,0,0,0,0,0,0,0,0,0,0,0,0,0,0,0,0,0,0,0,0,0,
251,col_migration,12,,,,,,,,,,,,,,,,,,,,,,,,,,,,,,,,,,,,,,,,
252,col_migration,12-a,0,0,0,0,0,0,0,0,0,0,0,0,0,0,0,0,0,0,0,0,0,0,0,0,0,0,0,0,0,0,0,,0,0,0,0,0,0,0,
253,col_migration,12-b,0,0,0,0,0,0,0,0,0,0,0,0,0,0,0,0,0,0,0,0,0,0,0,0,0,0,0,0,0,0,0,,0,0,0,0,0,0,0,
254,col_migration,12-c,0,0,0,0,0,0,0,0,0,0,0,0,0,0,0,0,0,0,0,0,0,0,0,0,0,0,0,0,0,0,8532,2203,0,0,0,0,2031,0,1893,
255,col_migration,12-d,0,0,0,0,0,0,0,0,0,0,0,0,0,0,0,0,0,0,0,0,0,0,0,0,0,0,0,0,0,0,0,0,0,0,0,0,0,0,0,
256,col_migration,13,,,,,,,,,,,,,,,,,,,,,,,,,,,,,,,,,,,,,,,,
257,col_migration,13-a,0,0,0,0,0,0,0,0,0,0,0,0,0,0,0,0,0,0,0,0,0,0,0,0,0,0,0,0,0,0,0,0,0,0,0,0,0,0,0,
258,col_migration,13-b,0,0,0,0,0,0,0,0,0,0,0,0,0,0,0,0,0,0,0,0,0,0,0,0,0,0,0,0,0,0,0,0,0,0,0,0,0,0,0,
259,col_migration,13-c,0,0,0,0,0,0,0,0,0,0,0,0,0,0,0,0,0,0,0,0,0,0,0,0,0,0,0,0,0,0,0,0,0,0,0,0,0,0,0,
260,col_migration,14,0,0,0,0,0,0,0,0,0,0,0,0,0,0,0,0,0,0,0,0,0,0,0,0,0,0,0,0,0,0,0,0,0,0,0,0,0,0,0,
261,col_migration,15,0,0,0,0,0,0,0,0,0,0,0,0,0,0,0,0,0,0,0,0,0,0,0,0,0,0,0,0,0,0,0,0,0,0,0,0,0,0,0,
262,per_migration,1,0,0,0,0,0,0,0,0,0,0,0,0,0,0,0,0,0,0,0,0,0,0,0,0,0,0,0,0,0,0,0,0,0,0,0,0,0,0,201,Orientación a las madres que ingresan al espacio de lactancia materna ubicado en el Punto de Atención y Orientación de Pueblo Nuevo para atención de refugiados y migrantes en tránsito.
263,per_migration,2,0,0,0,0,0,0,0,0,0,0,0,0,0,0,0,0,0,0,0,0,0,0,0,0,0,0,0,0,0,0,0,0,0,0,0,0,0,0,0,
264,per_migration,3,0,0,0,0,0,0,0,0,0,0,0,0,0,0,0,0,0,0,0,0,0,0,0,0,0,0,0,0,0,0,0,0,0,0,0,0,0,0,0,
265,per_migration,4,0,0,0,0,0,0,0,0,0,0,0,0,0,0,0,0,0,0,0,0,0,0,0,0,0,0,0,0,0,0,0,0,0,0,0,0,0,0,0,
266,per_migration,5,,,,,,,,,,,,,,,,,,,,,,,,,,,,,,,,,,,,,,,,
267,per_migration,5-a,0,0,0,0,0,0,0,0,0,0,0,0,0,0,0,0,0,0,0,0,0,0,0,0,0,0,0,0,0,0,0,0,0,0,0,0,0,0,0,
268,per_migration,5-b,0,0,0,0,0,0,0,0,0,0,0,0,0,0,0,0,0,0,0,0,0,0,0,0,0,0,0,0,0,0,0,0,0,0,0,0,0,0,0,
269,per_migration,6,0,0,0,0,0,0,0,0,0,0,0,0,0,0,0,0,0,0,0,0,0,0,0,0,0,0,0,0,0,0,0,0,0,0,0,0,0,30,28,"Suplementación con suplementos nutricionales Plumpy por condición de vulnerabilidad nutricional, riesgo de desnutrición aguda y diagnóstico de desnutrición aguda en puntos de tránsito a NNs de 6 a 59 meses refugiados y migrantes."
270,per_migration,7,0,0,0,0,0,0,0,0,0,0,0,0,0,0,0,0,0,0,0,0,0,0,0,0,0,0,0,0,0,0,0,0,0,0,0,0,0,0,0,
271,per_migration,8,,,,,,,,,,,,,,,,,,,,,,,,,,,,,,,,,,,,,,,,
272,per_migration,8-a,0,0,0,0,0,0,0,0,0,0,0,0,0,0,0,0,0,0,0,0,0,0,0,0,0,0,0,0,0,0,0,0,0,0,0,0,0,30,28,Todas las evaluaciones se dieron mediante cinta MUAC porque como iniciaba el proyecto aún no se había comprado el equipo antropométrico.
273,per_migration,8-b,0,0,0,0,0,0,0,0,0,0,0,0,0,0,0,0,0,0,0,0,0,0,0,0,0,0,0,0,0,0,0,0,0,0,0,0,0,0,0,
274,per_migration,8-c,0,0,0,0,0,0,0,0,0,0,0,0,0,0,0,0,0,0,0,0,0,0,0,0,0,0,0,0,0,0,0,0,0,0,0,0,0,0,0,
275,per_migration,9,,,,,,,,,,,,,,,,,,,,,,,,,,,,,,,,,,,,,,,,
276,per_migration,9-a,0,0,0,0,0,0,0,0,0,0,0,0,0,0,0,0,0,0,0,0,0,0,0,0,0,0,0,0,0,0,0,0,0,0,0,0,0,0,0,
277,per_migration,9-b,0,0,0,0,0,0,0,0,0,0,0,0,0,0,0,0,0,0,0,0,0,0,0,0,0,0,0,0,0,0,0,0,0,0,0,0,0,0,0,
278,per_migration,10,0,0,0,0,0,0,0,0,0,0,0,0,0,0,0,0,0,0,0,0,0,0,0,0,0,0,0,0,0,0,0,0,0,0,0,0,0,52,535,
279,per_migration,11,0,0,0,0,0,0,0,0,0,0,0,0,0,0,0,0,0,0,0,0,0,0,0,0,0,0,0,0,0,0,0,0,0,0,0,0,0,0,0,
280,per_migration,12,,,,,,,,,,,,,,,,,,,,,,,,,,,,,,,,,,,,,,,,
281,per_migration,12-a,0,0,0,0,0,0,0,0,0,0,0,0,0,0,0,0,0,0,0,0,0,0,0,0,0,0,0,0,0,0,0,0,0,0,0,0,0,0,0,
282,per_migration,12-b,0,0,0,0,0,0,0,0,0,0,0,0,0,0,0,0,0,0,0,0,0,0,0,0,0,0,0,0,0,0,0,0,0,0,0,0,0,0,0,
283,per_migration,12-c,0,0,0,0,0,0,0,0,0,0,0,0,0,0,0,0,0,0,0,0,0,0,0,0,0,0,0,0,0,0,0,0,0,0,0,0,0,0,0,
284,per_migration,12-d,0,0,0,0,0,0,0,0,0,0,0,0,0,0,0,0,0,0,0,0,0,0,0,0,0,0,0,0,0,0,0,0,0,0,0,0,0,0,0,
285,per_migration,13,,,,,,,,,,,,,,,,,,,,,,,,,,,,,,,,,,,,,,,,
286,per_migration,13-a,0,0,0,0,0,0,0,0,0,0,0,0,0,0,0,0,0,0,0,0,0,0,0,0,0,0,0,0,0,0,0,0,0,0,0,0,0,0,0,
287,per_migration,13-b,0,0,0,0,0,0,0,0,0,0,0,0,0,0,0,0,0,0,0,0,0,0,0,0,0,0,0,0,0,0,0,0,0,0,0,0,0,0,0,
288,per_migration,13-c,0,0,0,0,0,0,0,0,0,0,0,0,0,0,0,0,0,0,0,0,0,0,0,0,0,0,0,0,0,0,0,0,0,0,0,0,0,0,0,
289,per_migration,14,0,0,0,0,0,0,0,0,0,0,0,0,0,0,0,0,0,0,0,0,0,0,0,0,0,0,0,0,0,0,0,0,0,0,0,0,0,0,0,
290,per_migration,15,0,0,0,0,0,0,0,0,0,0,0,0,0,0,0,0,0,0,0,0,0,0,0,0,0,0,0,0,0,0,0,0,0,0,0,0,0,0,0,
291,bol_migration,1,0,0,0,0,0,0,0,0,0,0,0,0,0,0,2600,0,800,0,1500,0,300,0,0,0,0,0,0,0,0,0,0,0,0,535,704,420,580,345,470,
292,bol_migration,2,0,0,0,0,0,0,0,0,0,0,0,0,0,0,1400,0,350,500,400,0,150,0,0,0,0,0,0,0,0,0,0,0,0,535,704,420,580,345,470,
293,bol_migration,3,0,0,0,0,0,0,0,0,0,0,0,0,0,0,0,0,0,0,0,0,0,0,0,0,0,0,0,0,0,0,0,0,0,0,0,0,0,0,0,No se tiene información sobre niños y niñas que no pueden ser amamantados.
294,bol_migration,4,0,0,0,0,0,0,0,0,0,0,0,0,0,0,0,0,500,500,0,0,0,0,0,0,0,0,0,0,0,0,0,0,,1150,1350,350,390,310,325,
295,bol_migration,5,,,,,,,,,,,,,,,,,,,,,,,,,,,,,,,,,,,,,,,,
296,bol_migration,5-a,0,0,0,0,0,0,0,0,0,0,0,0,0,0,1000,0,0,1000,0,0,0,0,0,0,0,0,0,0,0,0,0,0,0,1250,1430,415,520,375,455,
297,bol_migration,5-b,0,0,0,0,0,0,0,0,0,0,0,0,0,0,800,0,0,800,0,0,0,0,0,0,0,0,0,0,0,0,0,0,0,0,0,0,0,0,0,
298,bol_migration,6,0,0,0,0,0,0,0,0,0,0,0,0,0,0,0,0,0,0,0,0,0,0,0,0,0,0,0,0,0,0,0,0,0,0,0,0,0,0,0,
299,bol_migration,7,0,0,0,0,0,0,0,0,0,0,0,0,0,0,300,300,0,0,0,0,0,0,0,0,0,0,0,0,0,0,0,0,0,1250,1430,415,520,375,455,
300,bol_migration,8,,,,,,,,,,,,,,,,,,,,,,,,,,,,,,,,,,,,,,,,
301,bol_migration,8-a,0,0,0,0,0,0,0,0,0,0,0,0,0,0,0,0,0,0,0,0,0,0,0,0,0,0,0,0,0,0,0,0,0,0,0,0,0,0,0,
302,bol_migration,8-b,0,0,0,0,0,0,0,0,0,0,0,0,0,0,0,0,0,0,0,0,0,0,0,0,0,0,0,0,0,0,0,0,0,0,0,0,0,0,0,
303,bol_migration,8-c,0,0,0,0,0,0,0,0,0,0,0,0,0,0,0,0,0,0,0,0,0,0,0,0,0,0,0,0,0,0,0,0,0,0,0,0,0,0,0,
304,bol_migration,9,,,,,,,,,,,,,,,,,,,,,,,,,,,,,,,,,,,,,,,,
305,bol_migration,9-a,0,0,0,0,0,0,0,0,0,0,0,0,0,0,0,0,0,0,0,0,0,0,0,0,0,0,0,0,0,0,0,0,0,0,0,0,0,0,0,
306,bol_migration,9-b,0,0,0,0,0,0,0,0,0,0,0,0,0,0,0,0,0,0,0,0,0,0,0,0,0,0,0,0,0,0,0,0,0,0,0,0,0,0,0,
307,bol_migration,10,0,0,0,0,0,0,0,0,0,0,0,0,0,0,0,0,0,0,0,0,0,0,0,0,0,0,0,0,0,0,0,0,0,0,0,0,0,0,0,
308,bol_migration,11,0,0,0,0,0,0,0,0,0,0,0,0,0,0,0,0,0,0,0,0,0,0,0,0,0,0,0,0,0,0,0,0,0,0,0,0,0,0,0,
309,bol_migration,12,,,,,,,,,,,,,,,,,,,,,,,,,,,,,,,,,,,,,,,,
310,bol_migration,12-a,0,0,0,0,0,0,0,0,0,0,0,0,0,0,0,0,0,0,0,0,0,0,0,0,0,0,0,0,0,0,0,0,0,0,0,0,0,0,0,
311,bol_migration,12-b,0,0,0,0,0,0,0,0,0,0,0,0,0,0,0,0,0,0,0,0,0,0,0,0,0,0,0,0,0,0,0,0,0,0,0,0,0,0,0,
312,bol_migration,12-c,0,0,0,0,0,0,0,0,0,0,0,0,0,0,0,0,0,0,0,0,0,0,0,0,0,0,0,0,0,0,0,0,0,0,0,0,0,0,0,
313,bol_migration,12-d,0,0,0,0,0,0,0,0,0,0,0,0,0,0,0,0,0,0,0,0,0,0,0,0,0,0,0,0,0,0,0,0,0,0,0,0,0,0,0,
314,bol_migration,13,,,,,,,,,,,,,,,,,,,,,,,,,,,,,,,,,,,,,,,,
315,bol_migration,13-a,0,0,0,0,0,0,0,0,0,0,0,0,0,0,0,0,0,0,0,0,0,0,0,0,0,0,0,0,0,0,0,0,0,0,0,0,0,0,0,
316,bol_migration,13-b,0,0,0,0,0,0,0,0,0,0,0,0,0,0,0,0,0,0,0,0,0,0,0,0,0,0,0,0,0,0,0,0,0,0,0,0,0,0,0,
317,bol_migration,13-c,0,0,0,0,0,0,0,0,0,0,0,0,0,0,0,0,0,0,0,0,0,0,0,0,0,0,0,0,0,0,0,0,0,0,0,0,0,0,0,
318,bol_migration,14,0,0,0,0,0,0,0,0,0,0,0,0,0,0,0,0,0,0,0,0,0,0,0,0,0,0,0,0,0,0,0,0,0,0,0,0,0,0,0,
319,bol_migration,15,0,0,0,0,0,0,0,0,0,0,0,0,0,0,0,0,0,0,0,0,0,0,0,0,0,0,0,0,0,0,0,0,0,0,0,0,0,0,0,
