Spectrum Version: 6.36,,,,,,,,
File name,Country,ISO 3166-1 alpha-3,Subnational region,Module,Indicator,Configuration,2020,2021
C:\Users\Trabajo\OneDrive - movimentar GmbH\LiST models\Migration\colombia_implemented.PJNZ,Venezuela,VEN,,Lives Saved Tool (LiST),"Neonatal mortality rate (deaths per 1,000 live births)",,15,14.68
C:\Users\Trabajo\OneDrive - movimentar GmbH\LiST models\Migration\colombia_implemented.PJNZ,Venezuela,VEN,,Lives Saved Tool (LiST),"Infant mortality rate (deaths per 1,000 live births)",,20.86,20.54
C:\Users\Trabajo\OneDrive - movimentar GmbH\LiST models\Migration\colombia_implemented.PJNZ,Venezuela,VEN,,Lives Saved Tool (LiST),"Under five mortality rate (deaths per 1,000 live births)",,24.23,23.94
C:\Users\Trabajo\OneDrive - movimentar GmbH\LiST models\Migration\colombia_implemented.PJNZ,Venezuela,VEN,,Lives Saved Tool (LiST),"Maternal mortality rate (deaths per 100,000 women aged 15-49)",,17.6,17.41
C:\Users\Trabajo\OneDrive - movimentar GmbH\LiST models\Migration\colombia_implemented.PJNZ,Venezuela,VEN,,Lives Saved Tool (LiST),"Stillbirth rate (stillbirths per 1,000 total births (live and stillbirths))",,10.7,10.67
C:\Users\Trabajo\OneDrive - movimentar GmbH\LiST models\Migration\colombia_implemented.PJNZ,Venezuela,VEN,,Lives Saved Tool (LiST),Global stunting (<-2 SD) rate,Total (0-59 months),19.67,19.55
C:\Users\Trabajo\OneDrive - movimentar GmbH\LiST models\Migration\colombia_implemented.PJNZ,Venezuela,VEN,,Lives Saved Tool (LiST),Global stunting (<-2 SD) rate,<1 month,12.2,12.18
C:\Users\Trabajo\OneDrive - movimentar GmbH\LiST models\Migration\colombia_implemented.PJNZ,Venezuela,VEN,,Lives Saved Tool (LiST),Global stunting (<-2 SD) rate,1-5 months,12.2,12.19
C:\Users\Trabajo\OneDrive - movimentar GmbH\LiST models\Migration\colombia_implemented.PJNZ,Venezuela,VEN,,Lives Saved Tool (LiST),Global stunting (<-2 SD) rate,6-11 months,13.04,12.77
C:\Users\Trabajo\OneDrive - movimentar GmbH\LiST models\Migration\colombia_implemented.PJNZ,Venezuela,VEN,,Lives Saved Tool (LiST),Global stunting (<-2 SD) rate,12-23 months,22.25,21.85
C:\Users\Trabajo\OneDrive - movimentar GmbH\LiST models\Migration\colombia_implemented.PJNZ,Venezuela,VEN,,Lives Saved Tool (LiST),Global stunting (<-2 SD) rate,24-59 months,21.02,21.02
C:\Users\Trabajo\OneDrive - movimentar GmbH\LiST models\Migration\colombia_implemented.PJNZ,Venezuela,VEN,,Lives Saved Tool (LiST),Global wasting (<-2 SD) rate,Total (0-59 months),2.34,2.34
C:\Users\Trabajo\OneDrive - movimentar GmbH\LiST models\Migration\colombia_implemented.PJNZ,Venezuela,VEN,,Lives Saved Tool (LiST),Global wasting (<-2 SD) rate,<1 month,4.7,4.7
C:\Users\Trabajo\OneDrive - movimentar GmbH\LiST models\Migration\colombia_implemented.PJNZ,Venezuela,VEN,,Lives Saved Tool (LiST),Global wasting (<-2 SD) rate,1-5 months,4.7,4.7
C:\Users\Trabajo\OneDrive - movimentar GmbH\LiST models\Migration\colombia_implemented.PJNZ,Venezuela,VEN,,Lives Saved Tool (LiST),Global wasting (<-2 SD) rate,6-11 months,3.65,3.59
C:\Users\Trabajo\OneDrive - movimentar GmbH\LiST models\Migration\colombia_implemented.PJNZ,Venezuela,VEN,,Lives Saved Tool (LiST),Global wasting (<-2 SD) rate,12-23 months,2.44,2.4
C:\Users\Trabajo\OneDrive - movimentar GmbH\LiST models\Migration\colombia_implemented.PJNZ,Venezuela,VEN,,Lives Saved Tool (LiST),Global wasting (<-2 SD) rate,24-59 months,1.76,1.76
C:\Users\Trabajo\OneDrive - movimentar GmbH\LiST models\Migration\colombia_implemented.PJNZ,Venezuela,VEN,,Lives Saved Tool (LiST),Percent of children (<6 mo) exclusively breastfed,<1 month and 1-5 months,39.26,39.84
C:\Users\Trabajo\OneDrive - movimentar GmbH\LiST models\Migration\colombia_implemented.PJNZ,Venezuela,VEN,,Lives Saved Tool (LiST),Prevalence of early initiation of breastfeeding,<1 month,0,100
C:\Users\Trabajo\OneDrive - movimentar GmbH\LiST models\Migration\colombia_implemented.PJNZ,Venezuela,VEN,,Lives Saved Tool (LiST),Percent of women with anemia,Pregnant women with anemia,29.1,28.842
C:\Users\Trabajo\OneDrive - movimentar GmbH\LiST models\Migration\colombia_implemented.PJNZ,Venezuela,VEN,,Lives Saved Tool (LiST),Percent of women with anemia,Pregnant women with iron-deficiency anemia,16.881,16.732
C:\Users\Trabajo\OneDrive - movimentar GmbH\LiST models\Migration\colombia_implemented.PJNZ,Venezuela,VEN,,Lives Saved Tool (LiST),Percent of women with anemia,Women of reproductive age with anemia,23.974,23.952
C:\Users\Trabajo\OneDrive - movimentar GmbH\LiST models\Migration\colombia_implemented.PJNZ,Venezuela,VEN,,Lives Saved Tool (LiST),Percent of women with anemia,Women of reproductive age with iron-deficiency anemia,13.189,13.176
C:\Users\Trabajo\OneDrive - movimentar GmbH\LiST models\Migration\honduras_implemented.PJNZ,Venezuela,VEN,,Lives Saved Tool (LiST),"Neonatal mortality rate (deaths per 1,000 live births)",,15,14.16
C:\Users\Trabajo\OneDrive - movimentar GmbH\LiST models\Migration\honduras_implemented.PJNZ,Venezuela,VEN,,Lives Saved Tool (LiST),"Infant mortality rate (deaths per 1,000 live births)",,20.86,19.42
C:\Users\Trabajo\OneDrive - movimentar GmbH\LiST models\Migration\honduras_implemented.PJNZ,Venezuela,VEN,,Lives Saved Tool (LiST),"Under five mortality rate (deaths per 1,000 live births)",,24.23,22.7
C:\Users\Trabajo\OneDrive - movimentar GmbH\LiST models\Migration\honduras_implemented.PJNZ,Venezuela,VEN,,Lives Saved Tool (LiST),"Maternal mortality rate (deaths per 100,000 women aged 15-49)",,17.6,17.41
C:\Users\Trabajo\OneDrive - movimentar GmbH\LiST models\Migration\honduras_implemented.PJNZ,Venezuela,VEN,,Lives Saved Tool (LiST),"Stillbirth rate (stillbirths per 1,000 total births (live and stillbirths))",,10.7,10.3
C:\Users\Trabajo\OneDrive - movimentar GmbH\LiST models\Migration\honduras_implemented.PJNZ,Venezuela,VEN,,Lives Saved Tool (LiST),Global stunting (<-2 SD) rate,Total (0-59 months),19.67,18.74
C:\Users\Trabajo\OneDrive - movimentar GmbH\LiST models\Migration\honduras_implemented.PJNZ,Venezuela,VEN,,Lives Saved Tool (LiST),Global stunting (<-2 SD) rate,<1 month,12.2,11.95
C:\Users\Trabajo\OneDrive - movimentar GmbH\LiST models\Migration\honduras_implemented.PJNZ,Venezuela,VEN,,Lives Saved Tool (LiST),Global stunting (<-2 SD) rate,1-5 months,12.2,11.88
C:\Users\Trabajo\OneDrive - movimentar GmbH\LiST models\Migration\honduras_implemented.PJNZ,Venezuela,VEN,,Lives Saved Tool (LiST),Global stunting (<-2 SD) rate,6-11 months,13.04,10.7
C:\Users\Trabajo\OneDrive - movimentar GmbH\LiST models\Migration\honduras_implemented.PJNZ,Venezuela,VEN,,Lives Saved Tool (LiST),Global stunting (<-2 SD) rate,12-23 months,22.25,18.95
C:\Users\Trabajo\OneDrive - movimentar GmbH\LiST models\Migration\honduras_implemented.PJNZ,Venezuela,VEN,,Lives Saved Tool (LiST),Global stunting (<-2 SD) rate,24-59 months,21.02,20.97
C:\Users\Trabajo\OneDrive - movimentar GmbH\LiST models\Migration\honduras_implemented.PJNZ,Venezuela,VEN,,Lives Saved Tool (LiST),Global wasting (<-2 SD) rate,Total (0-59 months),2.34,2.23
C:\Users\Trabajo\OneDrive - movimentar GmbH\LiST models\Migration\honduras_implemented.PJNZ,Venezuela,VEN,,Lives Saved Tool (LiST),Global wasting (<-2 SD) rate,<1 month,4.7,4.7
C:\Users\Trabajo\OneDrive - movimentar GmbH\LiST models\Migration\honduras_implemented.PJNZ,Venezuela,VEN,,Lives Saved Tool (LiST),Global wasting (<-2 SD) rate,1-5 months,4.7,4.7
C:\Users\Trabajo\OneDrive - movimentar GmbH\LiST models\Migration\honduras_implemented.PJNZ,Venezuela,VEN,,Lives Saved Tool (LiST),Global wasting (<-2 SD) rate,6-11 months,3.65,3.11
C:\Users\Trabajo\OneDrive - movimentar GmbH\LiST models\Migration\honduras_implemented.PJNZ,Venezuela,VEN,,Lives Saved Tool (LiST),Global wasting (<-2 SD) rate,12-23 months,2.44,2.07
C:\Users\Trabajo\OneDrive - movimentar GmbH\LiST models\Migration\honduras_implemented.PJNZ,Venezuela,VEN,,Lives Saved Tool (LiST),Global wasting (<-2 SD) rate,24-59 months,1.76,1.76
C:\Users\Trabajo\OneDrive - movimentar GmbH\LiST models\Migration\honduras_implemented.PJNZ,Venezuela,VEN,,Lives Saved Tool (LiST),Percent of children (<6 mo) exclusively breastfed,<1 month and 1-5 months,39.26,73.65
C:\Users\Trabajo\OneDrive - movimentar GmbH\LiST models\Migration\honduras_implemented.PJNZ,Venezuela,VEN,,Lives Saved Tool (LiST),Prevalence of early initiation of breastfeeding,<1 month,0,100
C:\Users\Trabajo\OneDrive - movimentar GmbH\LiST models\Migration\honduras_implemented.PJNZ,Venezuela,VEN,,Lives Saved Tool (LiST),Percent of women with anemia,Pregnant women with anemia,29.1,26.027
C:\Users\Trabajo\OneDrive - movimentar GmbH\LiST models\Migration\honduras_implemented.PJNZ,Venezuela,VEN,,Lives Saved Tool (LiST),Percent of women with anemia,Pregnant women with iron-deficiency anemia,16.881,15.099
C:\Users\Trabajo\OneDrive - movimentar GmbH\LiST models\Migration\honduras_implemented.PJNZ,Venezuela,VEN,,Lives Saved Tool (LiST),Percent of women with anemia,Women of reproductive age with anemia,23.974,23.763
C:\Users\Trabajo\OneDrive - movimentar GmbH\LiST models\Migration\honduras_implemented.PJNZ,Venezuela,VEN,,Lives Saved Tool (LiST),Percent of women with anemia,Women of reproductive age with iron-deficiency anemia,13.189,13.066
C:\Users\Trabajo\OneDrive - movimentar GmbH\LiST models\Migration\peru_implemented.PJNZ,Venezuela,VEN,,Lives Saved Tool (LiST),"Neonatal mortality rate (deaths per 1,000 live births)",,15,13.54
C:\Users\Trabajo\OneDrive - movimentar GmbH\LiST models\Migration\peru_implemented.PJNZ,Venezuela,VEN,,Lives Saved Tool (LiST),"Infant mortality rate (deaths per 1,000 live births)",,20.86,19.06
C:\Users\Trabajo\OneDrive - movimentar GmbH\LiST models\Migration\peru_implemented.PJNZ,Venezuela,VEN,,Lives Saved Tool (LiST),"Under five mortality rate (deaths per 1,000 live births)",,24.23,22.36
C:\Users\Trabajo\OneDrive - movimentar GmbH\LiST models\Migration\peru_implemented.PJNZ,Venezuela,VEN,,Lives Saved Tool (LiST),"Maternal mortality rate (deaths per 100,000 women aged 15-49)",,17.6,17.4
C:\Users\Trabajo\OneDrive - movimentar GmbH\LiST models\Migration\peru_implemented.PJNZ,Venezuela,VEN,,Lives Saved Tool (LiST),"Stillbirth rate (stillbirths per 1,000 total births (live and stillbirths))",,10.7,9.77
C:\Users\Trabajo\OneDrive - movimentar GmbH\LiST models\Migration\peru_implemented.PJNZ,Venezuela,VEN,,Lives Saved Tool (LiST),Global stunting (<-2 SD) rate,Total (0-59 months),19.67,18.75
C:\Users\Trabajo\OneDrive - movimentar GmbH\LiST models\Migration\peru_implemented.PJNZ,Venezuela,VEN,,Lives Saved Tool (LiST),Global stunting (<-2 SD) rate,<1 month,12.2,11.75
C:\Users\Trabajo\OneDrive - movimentar GmbH\LiST models\Migration\peru_implemented.PJNZ,Venezuela,VEN,,Lives Saved Tool (LiST),Global stunting (<-2 SD) rate,1-5 months,12.2,11.84
C:\Users\Trabajo\OneDrive - movimentar GmbH\LiST models\Migration\peru_implemented.PJNZ,Venezuela,VEN,,Lives Saved Tool (LiST),Global stunting (<-2 SD) rate,6-11 months,13.04,10.69
C:\Users\Trabajo\OneDrive - movimentar GmbH\LiST models\Migration\peru_implemented.PJNZ,Venezuela,VEN,,Lives Saved Tool (LiST),Global stunting (<-2 SD) rate,12-23 months,22.25,19
C:\Users\Trabajo\OneDrive - movimentar GmbH\LiST models\Migration\peru_implemented.PJNZ,Venezuela,VEN,,Lives Saved Tool (LiST),Global stunting (<-2 SD) rate,24-59 months,21.02,20.98
C:\Users\Trabajo\OneDrive - movimentar GmbH\LiST models\Migration\peru_implemented.PJNZ,Venezuela,VEN,,Lives Saved Tool (LiST),Global wasting (<-2 SD) rate,Total (0-59 months),2.34,2.23
C:\Users\Trabajo\OneDrive - movimentar GmbH\LiST models\Migration\peru_implemented.PJNZ,Venezuela,VEN,,Lives Saved Tool (LiST),Global wasting (<-2 SD) rate,<1 month,4.7,4.7
C:\Users\Trabajo\OneDrive - movimentar GmbH\LiST models\Migration\peru_implemented.PJNZ,Venezuela,VEN,,Lives Saved Tool (LiST),Global wasting (<-2 SD) rate,1-5 months,4.7,4.7
C:\Users\Trabajo\OneDrive - movimentar GmbH\LiST models\Migration\peru_implemented.PJNZ,Venezuela,VEN,,Lives Saved Tool (LiST),Global wasting (<-2 SD) rate,6-11 months,3.65,3.11
C:\Users\Trabajo\OneDrive - movimentar GmbH\LiST models\Migration\peru_implemented.PJNZ,Venezuela,VEN,,Lives Saved Tool (LiST),Global wasting (<-2 SD) rate,12-23 months,2.44,2.07
C:\Users\Trabajo\OneDrive - movimentar GmbH\LiST models\Migration\peru_implemented.PJNZ,Venezuela,VEN,,Lives Saved Tool (LiST),Global wasting (<-2 SD) rate,24-59 months,1.76,1.76
C:\Users\Trabajo\OneDrive - movimentar GmbH\LiST models\Migration\peru_implemented.PJNZ,Venezuela,VEN,,Lives Saved Tool (LiST),Percent of children (<6 mo) exclusively breastfed,<1 month and 1-5 months,39.26,56.03
C:\Users\Trabajo\OneDrive - movimentar GmbH\LiST models\Migration\peru_implemented.PJNZ,Venezuela,VEN,,Lives Saved Tool (LiST),Prevalence of early initiation of breastfeeding,<1 month,0,100
C:\Users\Trabajo\OneDrive - movimentar GmbH\LiST models\Migration\peru_implemented.PJNZ,Venezuela,VEN,,Lives Saved Tool (LiST),Percent of women with anemia,Pregnant women with anemia,29.1,21.963
C:\Users\Trabajo\OneDrive - movimentar GmbH\LiST models\Migration\peru_implemented.PJNZ,Venezuela,VEN,,Lives Saved Tool (LiST),Percent of women with anemia,Pregnant women with iron-deficiency anemia,16.881,12.741
C:\Users\Trabajo\OneDrive - movimentar GmbH\LiST models\Migration\peru_implemented.PJNZ,Venezuela,VEN,,Lives Saved Tool (LiST),Percent of women with anemia,Women of reproductive age with anemia,23.974,23.49
C:\Users\Trabajo\OneDrive - movimentar GmbH\LiST models\Migration\peru_implemented.PJNZ,Venezuela,VEN,,Lives Saved Tool (LiST),Percent of women with anemia,Women of reproductive age with iron-deficiency anemia,13.189,12.908
C:\Users\Trabajo\OneDrive - movimentar GmbH\LiST models\Migration\venezuela_0.PJNZ,Venezuela,VEN,,Lives Saved Tool (LiST),"Neonatal mortality rate (deaths per 1,000 live births)",,15,15
C:\Users\Trabajo\OneDrive - movimentar GmbH\LiST models\Migration\venezuela_0.PJNZ,Venezuela,VEN,,Lives Saved Tool (LiST),"Infant mortality rate (deaths per 1,000 live births)",,20.86,20.88
C:\Users\Trabajo\OneDrive - movimentar GmbH\LiST models\Migration\venezuela_0.PJNZ,Venezuela,VEN,,Lives Saved Tool (LiST),"Under five mortality rate (deaths per 1,000 live births)",,24.23,24.28
C:\Users\Trabajo\OneDrive - movimentar GmbH\LiST models\Migration\venezuela_0.PJNZ,Venezuela,VEN,,Lives Saved Tool (LiST),"Maternal mortality rate (deaths per 100,000 women aged 15-49)",,17.6,17.41
C:\Users\Trabajo\OneDrive - movimentar GmbH\LiST models\Migration\venezuela_0.PJNZ,Venezuela,VEN,,Lives Saved Tool (LiST),"Stillbirth rate (stillbirths per 1,000 total births (live and stillbirths))",,10.7,10.7
C:\Users\Trabajo\OneDrive - movimentar GmbH\LiST models\Migration\venezuela_0.PJNZ,Venezuela,VEN,,Lives Saved Tool (LiST),Global stunting (<-2 SD) rate,Total (0-59 months),19.67,19.65
C:\Users\Trabajo\OneDrive - movimentar GmbH\LiST models\Migration\venezuela_0.PJNZ,Venezuela,VEN,,Lives Saved Tool (LiST),Global stunting (<-2 SD) rate,<1 month,12.2,12.2
C:\Users\Trabajo\OneDrive - movimentar GmbH\LiST models\Migration\venezuela_0.PJNZ,Venezuela,VEN,,Lives Saved Tool (LiST),Global stunting (<-2 SD) rate,1-5 months,12.2,12.2
C:\Users\Trabajo\OneDrive - movimentar GmbH\LiST models\Migration\venezuela_0.PJNZ,Venezuela,VEN,,Lives Saved Tool (LiST),Global stunting (<-2 SD) rate,6-11 months,13.04,13.04
C:\Users\Trabajo\OneDrive - movimentar GmbH\LiST models\Migration\venezuela_0.PJNZ,Venezuela,VEN,,Lives Saved Tool (LiST),Global stunting (<-2 SD) rate,12-23 months,22.25,22.25
C:\Users\Trabajo\OneDrive - movimentar GmbH\LiST models\Migration\venezuela_0.PJNZ,Venezuela,VEN,,Lives Saved Tool (LiST),Global stunting (<-2 SD) rate,24-59 months,21.02,21.02
C:\Users\Trabajo\OneDrive - movimentar GmbH\LiST models\Migration\venezuela_0.PJNZ,Venezuela,VEN,,Lives Saved Tool (LiST),Global wasting (<-2 SD) rate,Total (0-59 months),2.34,2.35
C:\Users\Trabajo\OneDrive - movimentar GmbH\LiST models\Migration\venezuela_0.PJNZ,Venezuela,VEN,,Lives Saved Tool (LiST),Global wasting (<-2 SD) rate,<1 month,4.7,4.7
C:\Users\Trabajo\OneDrive - movimentar GmbH\LiST models\Migration\venezuela_0.PJNZ,Venezuela,VEN,,Lives Saved Tool (LiST),Global wasting (<-2 SD) rate,1-5 months,4.7,4.7
C:\Users\Trabajo\OneDrive - movimentar GmbH\LiST models\Migration\venezuela_0.PJNZ,Venezuela,VEN,,Lives Saved Tool (LiST),Global wasting (<-2 SD) rate,6-11 months,3.65,3.65
C:\Users\Trabajo\OneDrive - movimentar GmbH\LiST models\Migration\venezuela_0.PJNZ,Venezuela,VEN,,Lives Saved Tool (LiST),Global wasting (<-2 SD) rate,12-23 months,2.44,2.44
C:\Users\Trabajo\OneDrive - movimentar GmbH\LiST models\Migration\venezuela_0.PJNZ,Venezuela,VEN,,Lives Saved Tool (LiST),Global wasting (<-2 SD) rate,24-59 months,1.76,1.76
C:\Users\Trabajo\OneDrive - movimentar GmbH\LiST models\Migration\venezuela_0.PJNZ,Venezuela,VEN,,Lives Saved Tool (LiST),Percent of children (<6 mo) exclusively breastfed,<1 month and 1-5 months,39.26,39.26
C:\Users\Trabajo\OneDrive - movimentar GmbH\LiST models\Migration\venezuela_0.PJNZ,Venezuela,VEN,,Lives Saved Tool (LiST),Prevalence of early initiation of breastfeeding,<1 month,0,0
C:\Users\Trabajo\OneDrive - movimentar GmbH\LiST models\Migration\venezuela_0.PJNZ,Venezuela,VEN,,Lives Saved Tool (LiST),Percent of women with anemia,Pregnant women with anemia,29.1,29.1
C:\Users\Trabajo\OneDrive - movimentar GmbH\LiST models\Migration\venezuela_0.PJNZ,Venezuela,VEN,,Lives Saved Tool (LiST),Percent of women with anemia,Pregnant women with iron-deficiency anemia,16.881,16.881
C:\Users\Trabajo\OneDrive - movimentar GmbH\LiST models\Migration\venezuela_0.PJNZ,Venezuela,VEN,,Lives Saved Tool (LiST),Percent of women with anemia,Women of reproductive age with anemia,23.974,23.969
C:\Users\Trabajo\OneDrive - movimentar GmbH\LiST models\Migration\venezuela_0.PJNZ,Venezuela,VEN,,Lives Saved Tool (LiST),Percent of women with anemia,Women of reproductive age with iron-deficiency anemia,13.189,13.186
C:\Users\Trabajo\OneDrive - movimentar GmbH\LiST models\Migration\venezuela_30.PJNZ,Venezuela,VEN,,Lives Saved Tool (LiST),"Neonatal mortality rate (deaths per 1,000 live births)",,15,14.31
C:\Users\Trabajo\OneDrive - movimentar GmbH\LiST models\Migration\venezuela_30.PJNZ,Venezuela,VEN,,Lives Saved Tool (LiST),"Infant mortality rate (deaths per 1,000 live births)",,20.86,19.94
C:\Users\Trabajo\OneDrive - movimentar GmbH\LiST models\Migration\venezuela_30.PJNZ,Venezuela,VEN,,Lives Saved Tool (LiST),"Under five mortality rate (deaths per 1,000 live births)",,24.23,23.27
C:\Users\Trabajo\OneDrive - movimentar GmbH\LiST models\Migration\venezuela_30.PJNZ,Venezuela,VEN,,Lives Saved Tool (LiST),"Maternal mortality rate (deaths per 100,000 women aged 15-49)",,17.6,17.41
C:\Users\Trabajo\OneDrive - movimentar GmbH\LiST models\Migration\venezuela_30.PJNZ,Venezuela,VEN,,Lives Saved Tool (LiST),"Stillbirth rate (stillbirths per 1,000 total births (live and stillbirths))",,10.7,9.98
C:\Users\Trabajo\OneDrive - movimentar GmbH\LiST models\Migration\venezuela_30.PJNZ,Venezuela,VEN,,Lives Saved Tool (LiST),Global stunting (<-2 SD) rate,Total (0-59 months),19.67,19.3
C:\Users\Trabajo\OneDrive - movimentar GmbH\LiST models\Migration\venezuela_30.PJNZ,Venezuela,VEN,,Lives Saved Tool (LiST),Global stunting (<-2 SD) rate,<1 month,12.2,12.02
C:\Users\Trabajo\OneDrive - movimentar GmbH\LiST models\Migration\venezuela_30.PJNZ,Venezuela,VEN,,Lives Saved Tool (LiST),Global stunting (<-2 SD) rate,1-5 months,12.2,12.03
C:\Users\Trabajo\OneDrive - movimentar GmbH\LiST models\Migration\venezuela_30.PJNZ,Venezuela,VEN,,Lives Saved Tool (LiST),Global stunting (<-2 SD) rate,6-11 months,13.04,12.2
C:\Users\Trabajo\OneDrive - movimentar GmbH\LiST models\Migration\venezuela_30.PJNZ,Venezuela,VEN,,Lives Saved Tool (LiST),Global stunting (<-2 SD) rate,12-23 months,22.25,21.15
C:\Users\Trabajo\OneDrive - movimentar GmbH\LiST models\Migration\venezuela_30.PJNZ,Venezuela,VEN,,Lives Saved Tool (LiST),Global stunting (<-2 SD) rate,24-59 months,21.02,20.96
C:\Users\Trabajo\OneDrive - movimentar GmbH\LiST models\Migration\venezuela_30.PJNZ,Venezuela,VEN,,Lives Saved Tool (LiST),Global wasting (<-2 SD) rate,Total (0-59 months),2.34,2.31
C:\Users\Trabajo\OneDrive - movimentar GmbH\LiST models\Migration\venezuela_30.PJNZ,Venezuela,VEN,,Lives Saved Tool (LiST),Global wasting (<-2 SD) rate,<1 month,4.7,4.7
C:\Users\Trabajo\OneDrive - movimentar GmbH\LiST models\Migration\venezuela_30.PJNZ,Venezuela,VEN,,Lives Saved Tool (LiST),Global wasting (<-2 SD) rate,1-5 months,4.7,4.7
C:\Users\Trabajo\OneDrive - movimentar GmbH\LiST models\Migration\venezuela_30.PJNZ,Venezuela,VEN,,Lives Saved Tool (LiST),Global wasting (<-2 SD) rate,6-11 months,3.65,3.48
C:\Users\Trabajo\OneDrive - movimentar GmbH\LiST models\Migration\venezuela_30.PJNZ,Venezuela,VEN,,Lives Saved Tool (LiST),Global wasting (<-2 SD) rate,12-23 months,2.44,2.33
C:\Users\Trabajo\OneDrive - movimentar GmbH\LiST models\Migration\venezuela_30.PJNZ,Venezuela,VEN,,Lives Saved Tool (LiST),Global wasting (<-2 SD) rate,24-59 months,1.76,1.76
C:\Users\Trabajo\OneDrive - movimentar GmbH\LiST models\Migration\venezuela_30.PJNZ,Venezuela,VEN,,Lives Saved Tool (LiST),Percent of children (<6 mo) exclusively breastfed,<1 month and 1-5 months,39.26,51.01
C:\Users\Trabajo\OneDrive - movimentar GmbH\LiST models\Migration\venezuela_30.PJNZ,Venezuela,VEN,,Lives Saved Tool (LiST),Prevalence of early initiation of breastfeeding,<1 month,0,100
C:\Users\Trabajo\OneDrive - movimentar GmbH\LiST models\Migration\venezuela_30.PJNZ,Venezuela,VEN,,Lives Saved Tool (LiST),Percent of women with anemia,Pregnant women with anemia,29.1,26.846
C:\Users\Trabajo\OneDrive - movimentar GmbH\LiST models\Migration\venezuela_30.PJNZ,Venezuela,VEN,,Lives Saved Tool (LiST),Percent of women with anemia,Pregnant women with iron-deficiency anemia,16.881,15.574
C:\Users\Trabajo\OneDrive - movimentar GmbH\LiST models\Migration\venezuela_30.PJNZ,Venezuela,VEN,,Lives Saved Tool (LiST),Percent of women with anemia,Women of reproductive age with anemia,23.974,23.818
C:\Users\Trabajo\OneDrive - movimentar GmbH\LiST models\Migration\venezuela_30.PJNZ,Venezuela,VEN,,Lives Saved Tool (LiST),Percent of women with anemia,Women of reproductive age with iron-deficiency anemia,13.189,13.098
C:\Users\Trabajo\OneDrive - movimentar GmbH\LiST models\Migration\venezuela_95.PJNZ,Venezuela,VEN,,Lives Saved Tool (LiST),"Neonatal mortality rate (deaths per 1,000 live births)",,15,13.46
C:\Users\Trabajo\OneDrive - movimentar GmbH\LiST models\Migration\venezuela_95.PJNZ,Venezuela,VEN,,Lives Saved Tool (LiST),"Infant mortality rate (deaths per 1,000 live births)",,20.86,18.59
C:\Users\Trabajo\OneDrive - movimentar GmbH\LiST models\Migration\venezuela_95.PJNZ,Venezuela,VEN,,Lives Saved Tool (LiST),"Under five mortality rate (deaths per 1,000 live births)",,24.23,21.78
C:\Users\Trabajo\OneDrive - movimentar GmbH\LiST models\Migration\venezuela_95.PJNZ,Venezuela,VEN,,Lives Saved Tool (LiST),"Maternal mortality rate (deaths per 100,000 women aged 15-49)",,17.6,17.4
C:\Users\Trabajo\OneDrive - movimentar GmbH\LiST models\Migration\venezuela_95.PJNZ,Venezuela,VEN,,Lives Saved Tool (LiST),"Stillbirth rate (stillbirths per 1,000 total births (live and stillbirths))",,10.7,8.5
C:\Users\Trabajo\OneDrive - movimentar GmbH\LiST models\Migration\venezuela_95.PJNZ,Venezuela,VEN,,Lives Saved Tool (LiST),Global stunting (<-2 SD) rate,Total (0-59 months),19.67,18.58
C:\Users\Trabajo\OneDrive - movimentar GmbH\LiST models\Migration\venezuela_95.PJNZ,Venezuela,VEN,,Lives Saved Tool (LiST),Global stunting (<-2 SD) rate,<1 month,12.2,11.64
C:\Users\Trabajo\OneDrive - movimentar GmbH\LiST models\Migration\venezuela_95.PJNZ,Venezuela,VEN,,Lives Saved Tool (LiST),Global stunting (<-2 SD) rate,1-5 months,12.2,11.67
C:\Users\Trabajo\OneDrive - movimentar GmbH\LiST models\Migration\venezuela_95.PJNZ,Venezuela,VEN,,Lives Saved Tool (LiST),Global stunting (<-2 SD) rate,6-11 months,13.04,10.46
C:\Users\Trabajo\OneDrive - movimentar GmbH\LiST models\Migration\venezuela_95.PJNZ,Venezuela,VEN,,Lives Saved Tool (LiST),Global stunting (<-2 SD) rate,12-23 months,22.25,18.82
C:\Users\Trabajo\OneDrive - movimentar GmbH\LiST models\Migration\venezuela_95.PJNZ,Venezuela,VEN,,Lives Saved Tool (LiST),Global stunting (<-2 SD) rate,24-59 months,21.02,20.82
C:\Users\Trabajo\OneDrive - movimentar GmbH\LiST models\Migration\venezuela_95.PJNZ,Venezuela,VEN,,Lives Saved Tool (LiST),Global wasting (<-2 SD) rate,Total (0-59 months),2.34,2.23
C:\Users\Trabajo\OneDrive - movimentar GmbH\LiST models\Migration\venezuela_95.PJNZ,Venezuela,VEN,,Lives Saved Tool (LiST),Global wasting (<-2 SD) rate,<1 month,4.7,4.7
C:\Users\Trabajo\OneDrive - movimentar GmbH\LiST models\Migration\venezuela_95.PJNZ,Venezuela,VEN,,Lives Saved Tool (LiST),Global wasting (<-2 SD) rate,1-5 months,4.7,4.7
C:\Users\Trabajo\OneDrive - movimentar GmbH\LiST models\Migration\venezuela_95.PJNZ,Venezuela,VEN,,Lives Saved Tool (LiST),Global wasting (<-2 SD) rate,6-11 months,3.65,3.11
C:\Users\Trabajo\OneDrive - movimentar GmbH\LiST models\Migration\venezuela_95.PJNZ,Venezuela,VEN,,Lives Saved Tool (LiST),Global wasting (<-2 SD) rate,12-23 months,2.44,2.07
C:\Users\Trabajo\OneDrive - movimentar GmbH\LiST models\Migration\venezuela_95.PJNZ,Venezuela,VEN,,Lives Saved Tool (LiST),Global wasting (<-2 SD) rate,24-59 months,1.76,1.76
C:\Users\Trabajo\OneDrive - movimentar GmbH\LiST models\Migration\venezuela_95.PJNZ,Venezuela,VEN,,Lives Saved Tool (LiST),Percent of children (<6 mo) exclusively breastfed,<1 month and 1-5 months,39.26,76.49
C:\Users\Trabajo\OneDrive - movimentar GmbH\LiST models\Migration\venezuela_95.PJNZ,Venezuela,VEN,,Lives Saved Tool (LiST),Prevalence of early initiation of breastfeeding,<1 month,0,100
C:\Users\Trabajo\OneDrive - movimentar GmbH\LiST models\Migration\venezuela_95.PJNZ,Venezuela,VEN,,Lives Saved Tool (LiST),Percent of women with anemia,Pregnant women with anemia,29.1,21.963
C:\Users\Trabajo\OneDrive - movimentar GmbH\LiST models\Migration\venezuela_95.PJNZ,Venezuela,VEN,,Lives Saved Tool (LiST),Percent of women with anemia,Pregnant women with iron-deficiency anemia,16.881,12.741
C:\Users\Trabajo\OneDrive - movimentar GmbH\LiST models\Migration\venezuela_95.PJNZ,Venezuela,VEN,,Lives Saved Tool (LiST),Percent of women with anemia,Women of reproductive age with anemia,23.974,23.49
C:\Users\Trabajo\OneDrive - movimentar GmbH\LiST models\Migration\venezuela_95.PJNZ,Venezuela,VEN,,Lives Saved Tool (LiST),Percent of women with anemia,Women of reproductive age with iron-deficiency anemia,13.189,12.908
C:\Users\Trabajo\OneDrive - movimentar GmbH\LiST models\Eta-Iota\guatemala_0.PJNZ,Guatemala,GTM,,Lives Saved Tool (LiST),"Neonatal mortality rate (deaths per 1,000 live births)",,11.19,11.19
C:\Users\Trabajo\OneDrive - movimentar GmbH\LiST models\Eta-Iota\guatemala_0.PJNZ,Guatemala,GTM,,Lives Saved Tool (LiST),"Infant mortality rate (deaths per 1,000 live births)",,20.08,20.22
C:\Users\Trabajo\OneDrive - movimentar GmbH\LiST models\Eta-Iota\guatemala_0.PJNZ,Guatemala,GTM,,Lives Saved Tool (LiST),"Under five mortality rate (deaths per 1,000 live births)",,23.8,23.96
C:\Users\Trabajo\OneDrive - movimentar GmbH\LiST models\Eta-Iota\guatemala_0.PJNZ,Guatemala,GTM,,Lives Saved Tool (LiST),"Maternal mortality rate (deaths per 100,000 women aged 15-49)",,7.69,7.42
C:\Users\Trabajo\OneDrive - movimentar GmbH\LiST models\Eta-Iota\guatemala_0.PJNZ,Guatemala,GTM,,Lives Saved Tool (LiST),"Stillbirth rate (stillbirths per 1,000 total births (live and stillbirths))",,13.64,13.64
C:\Users\Trabajo\OneDrive - movimentar GmbH\LiST models\Eta-Iota\guatemala_0.PJNZ,Guatemala,GTM,,Lives Saved Tool (LiST),Global stunting (<-2 SD) rate,Total (0-59 months),46.78,46.78
C:\Users\Trabajo\OneDrive - movimentar GmbH\LiST models\Eta-Iota\guatemala_0.PJNZ,Guatemala,GTM,,Lives Saved Tool (LiST),Global stunting (<-2 SD) rate,<1 month,31.42,31.42
C:\Users\Trabajo\OneDrive - movimentar GmbH\LiST models\Eta-Iota\guatemala_0.PJNZ,Guatemala,GTM,,Lives Saved Tool (LiST),Global stunting (<-2 SD) rate,1-5 months,31.42,31.44
C:\Users\Trabajo\OneDrive - movimentar GmbH\LiST models\Eta-Iota\guatemala_0.PJNZ,Guatemala,GTM,,Lives Saved Tool (LiST),Global stunting (<-2 SD) rate,6-11 months,35.07,35.1
C:\Users\Trabajo\OneDrive - movimentar GmbH\LiST models\Eta-Iota\guatemala_0.PJNZ,Guatemala,GTM,,Lives Saved Tool (LiST),Global stunting (<-2 SD) rate,12-23 months,51.32,51.32
C:\Users\Trabajo\OneDrive - movimentar GmbH\LiST models\Eta-Iota\guatemala_0.PJNZ,Guatemala,GTM,,Lives Saved Tool (LiST),Global stunting (<-2 SD) rate,24-59 months,49.62,49.63
C:\Users\Trabajo\OneDrive - movimentar GmbH\LiST models\Eta-Iota\guatemala_0.PJNZ,Guatemala,GTM,,Lives Saved Tool (LiST),Global wasting (<-2 SD) rate,Total (0-59 months),0.751799,0.75086
C:\Users\Trabajo\OneDrive - movimentar GmbH\LiST models\Eta-Iota\guatemala_0.PJNZ,Guatemala,GTM,,Lives Saved Tool (LiST),Global wasting (<-2 SD) rate,<1 month,0.96203,0.96203
C:\Users\Trabajo\OneDrive - movimentar GmbH\LiST models\Eta-Iota\guatemala_0.PJNZ,Guatemala,GTM,,Lives Saved Tool (LiST),Global wasting (<-2 SD) rate,1-5 months,0.96203,0.96203
C:\Users\Trabajo\OneDrive - movimentar GmbH\LiST models\Eta-Iota\guatemala_0.PJNZ,Guatemala,GTM,,Lives Saved Tool (LiST),Global wasting (<-2 SD) rate,6-11 months,0.88837,0.88837
C:\Users\Trabajo\OneDrive - movimentar GmbH\LiST models\Eta-Iota\guatemala_0.PJNZ,Guatemala,GTM,,Lives Saved Tool (LiST),Global wasting (<-2 SD) rate,12-23 months,1.09,1.09
C:\Users\Trabajo\OneDrive - movimentar GmbH\LiST models\Eta-Iota\guatemala_0.PJNZ,Guatemala,GTM,,Lives Saved Tool (LiST),Global wasting (<-2 SD) rate,24-59 months,0.58999,0.58999
C:\Users\Trabajo\OneDrive - movimentar GmbH\LiST models\Eta-Iota\guatemala_0.PJNZ,Guatemala,GTM,,Lives Saved Tool (LiST),Percent of children (<6 mo) exclusively breastfed,<1 month and 1-5 months,53.96,53.96
C:\Users\Trabajo\OneDrive - movimentar GmbH\LiST models\Eta-Iota\guatemala_0.PJNZ,Guatemala,GTM,,Lives Saved Tool (LiST),Prevalence of early initiation of breastfeeding,<1 month,0,0
C:\Users\Trabajo\OneDrive - movimentar GmbH\LiST models\Eta-Iota\guatemala_0.PJNZ,Guatemala,GTM,,Lives Saved Tool (LiST),Percent of women with anemia,Pregnant women with anemia,25,25
C:\Users\Trabajo\OneDrive - movimentar GmbH\LiST models\Eta-Iota\guatemala_0.PJNZ,Guatemala,GTM,,Lives Saved Tool (LiST),Percent of women with anemia,Pregnant women with iron-deficiency anemia,13.767,13.767
C:\Users\Trabajo\OneDrive - movimentar GmbH\LiST models\Eta-Iota\guatemala_0.PJNZ,Guatemala,GTM,,Lives Saved Tool (LiST),Percent of women with anemia,Women of reproductive age with anemia,16.629,16.602
C:\Users\Trabajo\OneDrive - movimentar GmbH\LiST models\Eta-Iota\guatemala_0.PJNZ,Guatemala,GTM,,Lives Saved Tool (LiST),Percent of women with anemia,Women of reproductive age with iron-deficiency anemia,8.012,7.993
C:\Users\Trabajo\OneDrive - movimentar GmbH\LiST models\Eta-Iota\guatemala_30.PJNZ,Guatemala,GTM,,Lives Saved Tool (LiST),"Neonatal mortality rate (deaths per 1,000 live births)",,11.19,10.84
C:\Users\Trabajo\OneDrive - movimentar GmbH\LiST models\Eta-Iota\guatemala_30.PJNZ,Guatemala,GTM,,Lives Saved Tool (LiST),"Infant mortality rate (deaths per 1,000 live births)",,20.08,19.41
C:\Users\Trabajo\OneDrive - movimentar GmbH\LiST models\Eta-Iota\guatemala_30.PJNZ,Guatemala,GTM,,Lives Saved Tool (LiST),"Under five mortality rate (deaths per 1,000 live births)",,23.8,23.04
C:\Users\Trabajo\OneDrive - movimentar GmbH\LiST models\Eta-Iota\guatemala_30.PJNZ,Guatemala,GTM,,Lives Saved Tool (LiST),"Maternal mortality rate (deaths per 100,000 women aged 15-49)",,7.69,7.41
C:\Users\Trabajo\OneDrive - movimentar GmbH\LiST models\Eta-Iota\guatemala_30.PJNZ,Guatemala,GTM,,Lives Saved Tool (LiST),"Stillbirth rate (stillbirths per 1,000 total births (live and stillbirths))",,13.64,11.41
C:\Users\Trabajo\OneDrive - movimentar GmbH\LiST models\Eta-Iota\guatemala_30.PJNZ,Guatemala,GTM,,Lives Saved Tool (LiST),Global stunting (<-2 SD) rate,Total (0-59 months),46.78,46.16
C:\Users\Trabajo\OneDrive - movimentar GmbH\LiST models\Eta-Iota\guatemala_30.PJNZ,Guatemala,GTM,,Lives Saved Tool (LiST),Global stunting (<-2 SD) rate,<1 month,31.42,30.77
C:\Users\Trabajo\OneDrive - movimentar GmbH\LiST models\Eta-Iota\guatemala_30.PJNZ,Guatemala,GTM,,Lives Saved Tool (LiST),Global stunting (<-2 SD) rate,1-5 months,31.42,30.88
C:\Users\Trabajo\OneDrive - movimentar GmbH\LiST models\Eta-Iota\guatemala_30.PJNZ,Guatemala,GTM,,Lives Saved Tool (LiST),Global stunting (<-2 SD) rate,6-11 months,35.07,33.23
C:\Users\Trabajo\OneDrive - movimentar GmbH\LiST models\Eta-Iota\guatemala_30.PJNZ,Guatemala,GTM,,Lives Saved Tool (LiST),Global stunting (<-2 SD) rate,12-23 months,51.32,49.73
C:\Users\Trabajo\OneDrive - movimentar GmbH\LiST models\Eta-Iota\guatemala_30.PJNZ,Guatemala,GTM,,Lives Saved Tool (LiST),Global stunting (<-2 SD) rate,24-59 months,49.62,49.52
C:\Users\Trabajo\OneDrive - movimentar GmbH\LiST models\Eta-Iota\guatemala_30.PJNZ,Guatemala,GTM,,Lives Saved Tool (LiST),Global wasting (<-2 SD) rate,Total (0-59 months),0.751799,0.733469
C:\Users\Trabajo\OneDrive - movimentar GmbH\LiST models\Eta-Iota\guatemala_30.PJNZ,Guatemala,GTM,,Lives Saved Tool (LiST),Global wasting (<-2 SD) rate,<1 month,0.96203,0.96203
C:\Users\Trabajo\OneDrive - movimentar GmbH\LiST models\Eta-Iota\guatemala_30.PJNZ,Guatemala,GTM,,Lives Saved Tool (LiST),Global wasting (<-2 SD) rate,1-5 months,0.96203,0.96203
C:\Users\Trabajo\OneDrive - movimentar GmbH\LiST models\Eta-Iota\guatemala_30.PJNZ,Guatemala,GTM,,Lives Saved Tool (LiST),Global wasting (<-2 SD) rate,6-11 months,0.88837,0.836066
C:\Users\Trabajo\OneDrive - movimentar GmbH\LiST models\Eta-Iota\guatemala_30.PJNZ,Guatemala,GTM,,Lives Saved Tool (LiST),Global wasting (<-2 SD) rate,12-23 months,1.09,1.02
C:\Users\Trabajo\OneDrive - movimentar GmbH\LiST models\Eta-Iota\guatemala_30.PJNZ,Guatemala,GTM,,Lives Saved Tool (LiST),Global wasting (<-2 SD) rate,24-59 months,0.58999,0.58999
C:\Users\Trabajo\OneDrive - movimentar GmbH\LiST models\Eta-Iota\guatemala_30.PJNZ,Guatemala,GTM,,Lives Saved Tool (LiST),Percent of children (<6 mo) exclusively breastfed,<1 month and 1-5 months,53.96,63.8
C:\Users\Trabajo\OneDrive - movimentar GmbH\LiST models\Eta-Iota\guatemala_30.PJNZ,Guatemala,GTM,,Lives Saved Tool (LiST),Prevalence of early initiation of breastfeeding,<1 month,0,100
C:\Users\Trabajo\OneDrive - movimentar GmbH\LiST models\Eta-Iota\guatemala_30.PJNZ,Guatemala,GTM,,Lives Saved Tool (LiST),Percent of women with anemia,Pregnant women with anemia,25,20.471
C:\Users\Trabajo\OneDrive - movimentar GmbH\LiST models\Eta-Iota\guatemala_30.PJNZ,Guatemala,GTM,,Lives Saved Tool (LiST),Percent of women with anemia,Pregnant women with iron-deficiency anemia,13.767,11.273
C:\Users\Trabajo\OneDrive - movimentar GmbH\LiST models\Eta-Iota\guatemala_30.PJNZ,Guatemala,GTM,,Lives Saved Tool (LiST),Percent of women with anemia,Women of reproductive age with anemia,16.629,16.252
C:\Users\Trabajo\OneDrive - movimentar GmbH\LiST models\Eta-Iota\guatemala_30.PJNZ,Guatemala,GTM,,Lives Saved Tool (LiST),Percent of women with anemia,Women of reproductive age with iron-deficiency anemia,8.012,7.801
C:\Users\Trabajo\OneDrive - movimentar GmbH\LiST models\Eta-Iota\guatemala_95.PJNZ,Guatemala,GTM,,Lives Saved Tool (LiST),"Neonatal mortality rate (deaths per 1,000 live births)",,11.19,10.31
C:\Users\Trabajo\OneDrive - movimentar GmbH\LiST models\Eta-Iota\guatemala_95.PJNZ,Guatemala,GTM,,Lives Saved Tool (LiST),"Infant mortality rate (deaths per 1,000 live births)",,20.08,17.92
C:\Users\Trabajo\OneDrive - movimentar GmbH\LiST models\Eta-Iota\guatemala_95.PJNZ,Guatemala,GTM,,Lives Saved Tool (LiST),"Under five mortality rate (deaths per 1,000 live births)",,23.8,21.34
C:\Users\Trabajo\OneDrive - movimentar GmbH\LiST models\Eta-Iota\guatemala_95.PJNZ,Guatemala,GTM,,Lives Saved Tool (LiST),"Maternal mortality rate (deaths per 100,000 women aged 15-49)",,7.69,7.4
C:\Users\Trabajo\OneDrive - movimentar GmbH\LiST models\Eta-Iota\guatemala_95.PJNZ,Guatemala,GTM,,Lives Saved Tool (LiST),"Stillbirth rate (stillbirths per 1,000 total births (live and stillbirths))",,13.64,6.94
C:\Users\Trabajo\OneDrive - movimentar GmbH\LiST models\Eta-Iota\guatemala_95.PJNZ,Guatemala,GTM,,Lives Saved Tool (LiST),Global stunting (<-2 SD) rate,Total (0-59 months),46.78,44.87
C:\Users\Trabajo\OneDrive - movimentar GmbH\LiST models\Eta-Iota\guatemala_95.PJNZ,Guatemala,GTM,,Lives Saved Tool (LiST),Global stunting (<-2 SD) rate,<1 month,31.42,29.44
C:\Users\Trabajo\OneDrive - movimentar GmbH\LiST models\Eta-Iota\guatemala_95.PJNZ,Guatemala,GTM,,Lives Saved Tool (LiST),Global stunting (<-2 SD) rate,1-5 months,31.42,29.74
C:\Users\Trabajo\OneDrive - movimentar GmbH\LiST models\Eta-Iota\guatemala_95.PJNZ,Guatemala,GTM,,Lives Saved Tool (LiST),Global stunting (<-2 SD) rate,6-11 months,35.07,29.42
C:\Users\Trabajo\OneDrive - movimentar GmbH\LiST models\Eta-Iota\guatemala_95.PJNZ,Guatemala,GTM,,Lives Saved Tool (LiST),Global stunting (<-2 SD) rate,12-23 months,51.32,46.34
C:\Users\Trabajo\OneDrive - movimentar GmbH\LiST models\Eta-Iota\guatemala_95.PJNZ,Guatemala,GTM,,Lives Saved Tool (LiST),Global stunting (<-2 SD) rate,24-59 months,49.62,49.27
C:\Users\Trabajo\OneDrive - movimentar GmbH\LiST models\Eta-Iota\guatemala_95.PJNZ,Guatemala,GTM,,Lives Saved Tool (LiST),Global wasting (<-2 SD) rate,Total (0-59 months),0.751799,0.695821
C:\Users\Trabajo\OneDrive - movimentar GmbH\LiST models\Eta-Iota\guatemala_95.PJNZ,Guatemala,GTM,,Lives Saved Tool (LiST),Global wasting (<-2 SD) rate,<1 month,0.96203,0.96203
C:\Users\Trabajo\OneDrive - movimentar GmbH\LiST models\Eta-Iota\guatemala_95.PJNZ,Guatemala,GTM,,Lives Saved Tool (LiST),Global wasting (<-2 SD) rate,1-5 months,0.96203,0.96203
C:\Users\Trabajo\OneDrive - movimentar GmbH\LiST models\Eta-Iota\guatemala_95.PJNZ,Guatemala,GTM,,Lives Saved Tool (LiST),Global wasting (<-2 SD) rate,6-11 months,0.88837,0.72288
C:\Users\Trabajo\OneDrive - movimentar GmbH\LiST models\Eta-Iota\guatemala_95.PJNZ,Guatemala,GTM,,Lives Saved Tool (LiST),Global wasting (<-2 SD) rate,12-23 months,1.09,0.883914
C:\Users\Trabajo\OneDrive - movimentar GmbH\LiST models\Eta-Iota\guatemala_95.PJNZ,Guatemala,GTM,,Lives Saved Tool (LiST),Global wasting (<-2 SD) rate,24-59 months,0.58999,0.58999
C:\Users\Trabajo\OneDrive - movimentar GmbH\LiST models\Eta-Iota\guatemala_95.PJNZ,Guatemala,GTM,,Lives Saved Tool (LiST),Percent of children (<6 mo) exclusively breastfed,<1 month and 1-5 months,53.96,85.13
C:\Users\Trabajo\OneDrive - movimentar GmbH\LiST models\Eta-Iota\guatemala_95.PJNZ,Guatemala,GTM,,Lives Saved Tool (LiST),Prevalence of early initiation of breastfeeding,<1 month,0,100
C:\Users\Trabajo\OneDrive - movimentar GmbH\LiST models\Eta-Iota\guatemala_95.PJNZ,Guatemala,GTM,,Lives Saved Tool (LiST),Percent of women with anemia,Pregnant women with anemia,25,10.657
C:\Users\Trabajo\OneDrive - movimentar GmbH\LiST models\Eta-Iota\guatemala_95.PJNZ,Guatemala,GTM,,Lives Saved Tool (LiST),Percent of women with anemia,Pregnant women with iron-deficiency anemia,13.767,5.869
C:\Users\Trabajo\OneDrive - movimentar GmbH\LiST models\Eta-Iota\guatemala_95.PJNZ,Guatemala,GTM,,Lives Saved Tool (LiST),Percent of women with anemia,Women of reproductive age with anemia,16.629,15.496
C:\Users\Trabajo\OneDrive - movimentar GmbH\LiST models\Eta-Iota\guatemala_95.PJNZ,Guatemala,GTM,,Lives Saved Tool (LiST),Percent of women with anemia,Women of reproductive age with iron-deficiency anemia,8.012,7.384
C:\Users\Trabajo\OneDrive - movimentar GmbH\LiST models\Eta-Iota\guatemala_implemented.PJNZ,Guatemala,GTM,,Lives Saved Tool (LiST),"Neonatal mortality rate (deaths per 1,000 live births)",,11.19,10.5
C:\Users\Trabajo\OneDrive - movimentar GmbH\LiST models\Eta-Iota\guatemala_implemented.PJNZ,Guatemala,GTM,,Lives Saved Tool (LiST),"Infant mortality rate (deaths per 1,000 live births)",,20.08,18.6
C:\Users\Trabajo\OneDrive - movimentar GmbH\LiST models\Eta-Iota\guatemala_implemented.PJNZ,Guatemala,GTM,,Lives Saved Tool (LiST),"Under five mortality rate (deaths per 1,000 live births)",,23.8,22.21
C:\Users\Trabajo\OneDrive - movimentar GmbH\LiST models\Eta-Iota\guatemala_implemented.PJNZ,Guatemala,GTM,,Lives Saved Tool (LiST),"Maternal mortality rate (deaths per 100,000 women aged 15-49)",,7.69,7.4
C:\Users\Trabajo\OneDrive - movimentar GmbH\LiST models\Eta-Iota\guatemala_implemented.PJNZ,Guatemala,GTM,,Lives Saved Tool (LiST),"Stillbirth rate (stillbirths per 1,000 total births (live and stillbirths))",,13.64,12.46
C:\Users\Trabajo\OneDrive - movimentar GmbH\LiST models\Eta-Iota\guatemala_implemented.PJNZ,Guatemala,GTM,,Lives Saved Tool (LiST),Global stunting (<-2 SD) rate,Total (0-59 months),46.78,45.62
C:\Users\Trabajo\OneDrive - movimentar GmbH\LiST models\Eta-Iota\guatemala_implemented.PJNZ,Guatemala,GTM,,Lives Saved Tool (LiST),Global stunting (<-2 SD) rate,<1 month,31.42,30.56
C:\Users\Trabajo\OneDrive - movimentar GmbH\LiST models\Eta-Iota\guatemala_implemented.PJNZ,Guatemala,GTM,,Lives Saved Tool (LiST),Global stunting (<-2 SD) rate,1-5 months,31.42,30.61
C:\Users\Trabajo\OneDrive - movimentar GmbH\LiST models\Eta-Iota\guatemala_implemented.PJNZ,Guatemala,GTM,,Lives Saved Tool (LiST),Global stunting (<-2 SD) rate,6-11 months,35.07,31.35
C:\Users\Trabajo\OneDrive - movimentar GmbH\LiST models\Eta-Iota\guatemala_implemented.PJNZ,Guatemala,GTM,,Lives Saved Tool (LiST),Global stunting (<-2 SD) rate,12-23 months,51.32,47.79
C:\Users\Trabajo\OneDrive - movimentar GmbH\LiST models\Eta-Iota\guatemala_implemented.PJNZ,Guatemala,GTM,,Lives Saved Tool (LiST),Global stunting (<-2 SD) rate,24-59 months,49.62,49.59
C:\Users\Trabajo\OneDrive - movimentar GmbH\LiST models\Eta-Iota\guatemala_implemented.PJNZ,Guatemala,GTM,,Lives Saved Tool (LiST),Global wasting (<-2 SD) rate,Total (0-59 months),0.751799,0.709848
C:\Users\Trabajo\OneDrive - movimentar GmbH\LiST models\Eta-Iota\guatemala_implemented.PJNZ,Guatemala,GTM,,Lives Saved Tool (LiST),Global wasting (<-2 SD) rate,<1 month,0.96203,0.96203
C:\Users\Trabajo\OneDrive - movimentar GmbH\LiST models\Eta-Iota\guatemala_implemented.PJNZ,Guatemala,GTM,,Lives Saved Tool (LiST),Global wasting (<-2 SD) rate,1-5 months,0.96203,0.96203
C:\Users\Trabajo\OneDrive - movimentar GmbH\LiST models\Eta-Iota\guatemala_implemented.PJNZ,Guatemala,GTM,,Lives Saved Tool (LiST),Global wasting (<-2 SD) rate,6-11 months,0.88837,0.765055
C:\Users\Trabajo\OneDrive - movimentar GmbH\LiST models\Eta-Iota\guatemala_implemented.PJNZ,Guatemala,GTM,,Lives Saved Tool (LiST),Global wasting (<-2 SD) rate,12-23 months,1.09,0.935377
C:\Users\Trabajo\OneDrive - movimentar GmbH\LiST models\Eta-Iota\guatemala_implemented.PJNZ,Guatemala,GTM,,Lives Saved Tool (LiST),Global wasting (<-2 SD) rate,24-59 months,0.58999,0.58999
C:\Users\Trabajo\OneDrive - movimentar GmbH\LiST models\Eta-Iota\guatemala_implemented.PJNZ,Guatemala,GTM,,Lives Saved Tool (LiST),Percent of children (<6 mo) exclusively breastfed,<1 month and 1-5 months,53.96,77.18
C:\Users\Trabajo\OneDrive - movimentar GmbH\LiST models\Eta-Iota\guatemala_implemented.PJNZ,Guatemala,GTM,,Lives Saved Tool (LiST),Prevalence of early initiation of breastfeeding,<1 month,0,100
C:\Users\Trabajo\OneDrive - movimentar GmbH\LiST models\Eta-Iota\guatemala_implemented.PJNZ,Guatemala,GTM,,Lives Saved Tool (LiST),Percent of women with anemia,Pregnant women with anemia,25,10.657
C:\Users\Trabajo\OneDrive - movimentar GmbH\LiST models\Eta-Iota\guatemala_implemented.PJNZ,Guatemala,GTM,,Lives Saved Tool (LiST),Percent of women with anemia,Pregnant women with iron-deficiency anemia,13.767,5.869
C:\Users\Trabajo\OneDrive - movimentar GmbH\LiST models\Eta-Iota\guatemala_implemented.PJNZ,Guatemala,GTM,,Lives Saved Tool (LiST),Percent of women with anemia,Women of reproductive age with anemia,16.629,15.496
C:\Users\Trabajo\OneDrive - movimentar GmbH\LiST models\Eta-Iota\guatemala_implemented.PJNZ,Guatemala,GTM,,Lives Saved Tool (LiST),Percent of women with anemia,Women of reproductive age with iron-deficiency anemia,8.012,7.384
C:\Users\Trabajo\OneDrive - movimentar GmbH\LiST models\Eta-Iota\honduras_0.PJNZ,Honduras,HND,,Lives Saved Tool (LiST),"Neonatal mortality rate (deaths per 1,000 live births)",,9.84,9.84
C:\Users\Trabajo\OneDrive - movimentar GmbH\LiST models\Eta-Iota\honduras_0.PJNZ,Honduras,HND,,Lives Saved Tool (LiST),"Infant mortality rate (deaths per 1,000 live births)",,14.61,14.62
C:\Users\Trabajo\OneDrive - movimentar GmbH\LiST models\Eta-Iota\honduras_0.PJNZ,Honduras,HND,,Lives Saved Tool (LiST),"Under five mortality rate (deaths per 1,000 live births)",,17.14,17.17
C:\Users\Trabajo\OneDrive - movimentar GmbH\LiST models\Eta-Iota\honduras_0.PJNZ,Honduras,HND,,Lives Saved Tool (LiST),"Maternal mortality rate (deaths per 100,000 women aged 15-49)",,5.52,5.42
C:\Users\Trabajo\OneDrive - movimentar GmbH\LiST models\Eta-Iota\honduras_0.PJNZ,Honduras,HND,,Lives Saved Tool (LiST),"Stillbirth rate (stillbirths per 1,000 total births (live and stillbirths))",,8.37,8.37
C:\Users\Trabajo\OneDrive - movimentar GmbH\LiST models\Eta-Iota\honduras_0.PJNZ,Honduras,HND,,Lives Saved Tool (LiST),Global stunting (<-2 SD) rate,Total (0-59 months),18.55,18.56
C:\Users\Trabajo\OneDrive - movimentar GmbH\LiST models\Eta-Iota\honduras_0.PJNZ,Honduras,HND,,Lives Saved Tool (LiST),Global stunting (<-2 SD) rate,<1 month,8.92,8.92
C:\Users\Trabajo\OneDrive - movimentar GmbH\LiST models\Eta-Iota\honduras_0.PJNZ,Honduras,HND,,Lives Saved Tool (LiST),Global stunting (<-2 SD) rate,1-5 months,8.92,8.93
C:\Users\Trabajo\OneDrive - movimentar GmbH\LiST models\Eta-Iota\honduras_0.PJNZ,Honduras,HND,,Lives Saved Tool (LiST),Global stunting (<-2 SD) rate,6-11 months,10.91,10.91
C:\Users\Trabajo\OneDrive - movimentar GmbH\LiST models\Eta-Iota\honduras_0.PJNZ,Honduras,HND,,Lives Saved Tool (LiST),Global stunting (<-2 SD) rate,12-23 months,18.09,18.1
C:\Users\Trabajo\OneDrive - movimentar GmbH\LiST models\Eta-Iota\honduras_0.PJNZ,Honduras,HND,,Lives Saved Tool (LiST),Global stunting (<-2 SD) rate,24-59 months,21.67,21.67
C:\Users\Trabajo\OneDrive - movimentar GmbH\LiST models\Eta-Iota\honduras_0.PJNZ,Honduras,HND,,Lives Saved Tool (LiST),Global wasting (<-2 SD) rate,Total (0-59 months),1.9,1.9
C:\Users\Trabajo\OneDrive - movimentar GmbH\LiST models\Eta-Iota\honduras_0.PJNZ,Honduras,HND,,Lives Saved Tool (LiST),Global wasting (<-2 SD) rate,<1 month,2.81,2.81
C:\Users\Trabajo\OneDrive - movimentar GmbH\LiST models\Eta-Iota\honduras_0.PJNZ,Honduras,HND,,Lives Saved Tool (LiST),Global wasting (<-2 SD) rate,1-5 months,2.81,2.81
C:\Users\Trabajo\OneDrive - movimentar GmbH\LiST models\Eta-Iota\honduras_0.PJNZ,Honduras,HND,,Lives Saved Tool (LiST),Global wasting (<-2 SD) rate,6-11 months,2.12,2.12
C:\Users\Trabajo\OneDrive - movimentar GmbH\LiST models\Eta-Iota\honduras_0.PJNZ,Honduras,HND,,Lives Saved Tool (LiST),Global wasting (<-2 SD) rate,12-23 months,2.53,2.53
C:\Users\Trabajo\OneDrive - movimentar GmbH\LiST models\Eta-Iota\honduras_0.PJNZ,Honduras,HND,,Lives Saved Tool (LiST),Global wasting (<-2 SD) rate,24-59 months,1.49,1.49
C:\Users\Trabajo\OneDrive - movimentar GmbH\LiST models\Eta-Iota\honduras_0.PJNZ,Honduras,HND,,Lives Saved Tool (LiST),Percent of children (<6 mo) exclusively breastfed,<1 month and 1-5 months,29.1,29.1
C:\Users\Trabajo\OneDrive - movimentar GmbH\LiST models\Eta-Iota\honduras_0.PJNZ,Honduras,HND,,Lives Saved Tool (LiST),Prevalence of early initiation of breastfeeding,<1 month,0,0
C:\Users\Trabajo\OneDrive - movimentar GmbH\LiST models\Eta-Iota\honduras_0.PJNZ,Honduras,HND,,Lives Saved Tool (LiST),Percent of women with anemia,Pregnant women with anemia,21.3,21.3
C:\Users\Trabajo\OneDrive - movimentar GmbH\LiST models\Eta-Iota\honduras_0.PJNZ,Honduras,HND,,Lives Saved Tool (LiST),Percent of women with anemia,Pregnant women with iron-deficiency anemia,13.37,13.37
C:\Users\Trabajo\OneDrive - movimentar GmbH\LiST models\Eta-Iota\honduras_0.PJNZ,Honduras,HND,,Lives Saved Tool (LiST),Percent of women with anemia,Women of reproductive age with anemia,17.884,17.879
C:\Users\Trabajo\OneDrive - movimentar GmbH\LiST models\Eta-Iota\honduras_0.PJNZ,Honduras,HND,,Lives Saved Tool (LiST),Percent of women with anemia,Women of reproductive age with iron-deficiency anemia,9.905,9.901
C:\Users\Trabajo\OneDrive - movimentar GmbH\LiST models\Eta-Iota\honduras_30.PJNZ,Honduras,HND,,Lives Saved Tool (LiST),"Neonatal mortality rate (deaths per 1,000 live births)",,9.84,9.48
C:\Users\Trabajo\OneDrive - movimentar GmbH\LiST models\Eta-Iota\honduras_30.PJNZ,Honduras,HND,,Lives Saved Tool (LiST),"Infant mortality rate (deaths per 1,000 live births)",,14.61,13.99
C:\Users\Trabajo\OneDrive - movimentar GmbH\LiST models\Eta-Iota\honduras_30.PJNZ,Honduras,HND,,Lives Saved Tool (LiST),"Under five mortality rate (deaths per 1,000 live births)",,17.14,16.45
C:\Users\Trabajo\OneDrive - movimentar GmbH\LiST models\Eta-Iota\honduras_30.PJNZ,Honduras,HND,,Lives Saved Tool (LiST),"Maternal mortality rate (deaths per 100,000 women aged 15-49)",,5.52,5.42
C:\Users\Trabajo\OneDrive - movimentar GmbH\LiST models\Eta-Iota\honduras_30.PJNZ,Honduras,HND,,Lives Saved Tool (LiST),"Stillbirth rate (stillbirths per 1,000 total births (live and stillbirths))",,8.37,7.07
C:\Users\Trabajo\OneDrive - movimentar GmbH\LiST models\Eta-Iota\honduras_30.PJNZ,Honduras,HND,,Lives Saved Tool (LiST),Global stunting (<-2 SD) rate,Total (0-59 months),18.55,18.24
C:\Users\Trabajo\OneDrive - movimentar GmbH\LiST models\Eta-Iota\honduras_30.PJNZ,Honduras,HND,,Lives Saved Tool (LiST),Global stunting (<-2 SD) rate,<1 month,8.92,8.71
C:\Users\Trabajo\OneDrive - movimentar GmbH\LiST models\Eta-Iota\honduras_30.PJNZ,Honduras,HND,,Lives Saved Tool (LiST),Global stunting (<-2 SD) rate,1-5 months,8.92,8.76
C:\Users\Trabajo\OneDrive - movimentar GmbH\LiST models\Eta-Iota\honduras_30.PJNZ,Honduras,HND,,Lives Saved Tool (LiST),Global stunting (<-2 SD) rate,6-11 months,10.91,10.19
C:\Users\Trabajo\OneDrive - movimentar GmbH\LiST models\Eta-Iota\honduras_30.PJNZ,Honduras,HND,,Lives Saved Tool (LiST),Global stunting (<-2 SD) rate,12-23 months,18.09,17.19
C:\Users\Trabajo\OneDrive - movimentar GmbH\LiST models\Eta-Iota\honduras_30.PJNZ,Honduras,HND,,Lives Saved Tool (LiST),Global stunting (<-2 SD) rate,24-59 months,21.67,21.59
C:\Users\Trabajo\OneDrive - movimentar GmbH\LiST models\Eta-Iota\honduras_30.PJNZ,Honduras,HND,,Lives Saved Tool (LiST),Global wasting (<-2 SD) rate,Total (0-59 months),1.9,1.86
C:\Users\Trabajo\OneDrive - movimentar GmbH\LiST models\Eta-Iota\honduras_30.PJNZ,Honduras,HND,,Lives Saved Tool (LiST),Global wasting (<-2 SD) rate,<1 month,2.81,2.81
C:\Users\Trabajo\OneDrive - movimentar GmbH\LiST models\Eta-Iota\honduras_30.PJNZ,Honduras,HND,,Lives Saved Tool (LiST),Global wasting (<-2 SD) rate,1-5 months,2.81,2.81
C:\Users\Trabajo\OneDrive - movimentar GmbH\LiST models\Eta-Iota\honduras_30.PJNZ,Honduras,HND,,Lives Saved Tool (LiST),Global wasting (<-2 SD) rate,6-11 months,2.12,2
C:\Users\Trabajo\OneDrive - movimentar GmbH\LiST models\Eta-Iota\honduras_30.PJNZ,Honduras,HND,,Lives Saved Tool (LiST),Global wasting (<-2 SD) rate,12-23 months,2.53,2.38
C:\Users\Trabajo\OneDrive - movimentar GmbH\LiST models\Eta-Iota\honduras_30.PJNZ,Honduras,HND,,Lives Saved Tool (LiST),Global wasting (<-2 SD) rate,24-59 months,1.49,1.49
C:\Users\Trabajo\OneDrive - movimentar GmbH\LiST models\Eta-Iota\honduras_30.PJNZ,Honduras,HND,,Lives Saved Tool (LiST),Percent of children (<6 mo) exclusively breastfed,<1 month and 1-5 months,29.1,41.26
C:\Users\Trabajo\OneDrive - movimentar GmbH\LiST models\Eta-Iota\honduras_30.PJNZ,Honduras,HND,,Lives Saved Tool (LiST),Prevalence of early initiation of breastfeeding,<1 month,0,100
C:\Users\Trabajo\OneDrive - movimentar GmbH\LiST models\Eta-Iota\honduras_30.PJNZ,Honduras,HND,,Lives Saved Tool (LiST),Percent of women with anemia,Pregnant women with anemia,21.3,17.726
C:\Users\Trabajo\OneDrive - movimentar GmbH\LiST models\Eta-Iota\honduras_30.PJNZ,Honduras,HND,,Lives Saved Tool (LiST),Percent of women with anemia,Pregnant women with iron-deficiency anemia,13.37,11.126
C:\Users\Trabajo\OneDrive - movimentar GmbH\LiST models\Eta-Iota\honduras_30.PJNZ,Honduras,HND,,Lives Saved Tool (LiST),Percent of women with anemia,Women of reproductive age with anemia,17.884,17.61
C:\Users\Trabajo\OneDrive - movimentar GmbH\LiST models\Eta-Iota\honduras_30.PJNZ,Honduras,HND,,Lives Saved Tool (LiST),Percent of women with anemia,Women of reproductive age with iron-deficiency anemia,9.905,9.731
C:\Users\Trabajo\OneDrive - movimentar GmbH\LiST models\Eta-Iota\honduras_95.PJNZ,Honduras,HND,,Lives Saved Tool (LiST),"Neonatal mortality rate (deaths per 1,000 live births)",,9.84,8.92
C:\Users\Trabajo\OneDrive - movimentar GmbH\LiST models\Eta-Iota\honduras_95.PJNZ,Honduras,HND,,Lives Saved Tool (LiST),"Infant mortality rate (deaths per 1,000 live births)",,14.61,12.88
C:\Users\Trabajo\OneDrive - movimentar GmbH\LiST models\Eta-Iota\honduras_95.PJNZ,Honduras,HND,,Lives Saved Tool (LiST),"Under five mortality rate (deaths per 1,000 live births)",,17.14,15.16
C:\Users\Trabajo\OneDrive - movimentar GmbH\LiST models\Eta-Iota\honduras_95.PJNZ,Honduras,HND,,Lives Saved Tool (LiST),"Maternal mortality rate (deaths per 100,000 women aged 15-49)",,5.52,5.41
C:\Users\Trabajo\OneDrive - movimentar GmbH\LiST models\Eta-Iota\honduras_95.PJNZ,Honduras,HND,,Lives Saved Tool (LiST),"Stillbirth rate (stillbirths per 1,000 total births (live and stillbirths))",,8.37,4.46
C:\Users\Trabajo\OneDrive - movimentar GmbH\LiST models\Eta-Iota\honduras_95.PJNZ,Honduras,HND,,Lives Saved Tool (LiST),Global stunting (<-2 SD) rate,Total (0-59 months),18.55,17.56
C:\Users\Trabajo\OneDrive - movimentar GmbH\LiST models\Eta-Iota\honduras_95.PJNZ,Honduras,HND,,Lives Saved Tool (LiST),Global stunting (<-2 SD) rate,<1 month,8.92,8.28
C:\Users\Trabajo\OneDrive - movimentar GmbH\LiST models\Eta-Iota\honduras_95.PJNZ,Honduras,HND,,Lives Saved Tool (LiST),Global stunting (<-2 SD) rate,1-5 months,8.92,8.42
C:\Users\Trabajo\OneDrive - movimentar GmbH\LiST models\Eta-Iota\honduras_95.PJNZ,Honduras,HND,,Lives Saved Tool (LiST),Global stunting (<-2 SD) rate,6-11 months,10.91,8.73
C:\Users\Trabajo\OneDrive - movimentar GmbH\LiST models\Eta-Iota\honduras_95.PJNZ,Honduras,HND,,Lives Saved Tool (LiST),Global stunting (<-2 SD) rate,12-23 months,18.09,15.28
C:\Users\Trabajo\OneDrive - movimentar GmbH\LiST models\Eta-Iota\honduras_95.PJNZ,Honduras,HND,,Lives Saved Tool (LiST),Global stunting (<-2 SD) rate,24-59 months,21.67,21.41
C:\Users\Trabajo\OneDrive - movimentar GmbH\LiST models\Eta-Iota\honduras_95.PJNZ,Honduras,HND,,Lives Saved Tool (LiST),Global wasting (<-2 SD) rate,Total (0-59 months),1.9,1.77
C:\Users\Trabajo\OneDrive - movimentar GmbH\LiST models\Eta-Iota\honduras_95.PJNZ,Honduras,HND,,Lives Saved Tool (LiST),Global wasting (<-2 SD) rate,<1 month,2.81,2.81
C:\Users\Trabajo\OneDrive - movimentar GmbH\LiST models\Eta-Iota\honduras_95.PJNZ,Honduras,HND,,Lives Saved Tool (LiST),Global wasting (<-2 SD) rate,1-5 months,2.81,2.81
C:\Users\Trabajo\OneDrive - movimentar GmbH\LiST models\Eta-Iota\honduras_95.PJNZ,Honduras,HND,,Lives Saved Tool (LiST),Global wasting (<-2 SD) rate,6-11 months,2.12,1.74
C:\Users\Trabajo\OneDrive - movimentar GmbH\LiST models\Eta-Iota\honduras_95.PJNZ,Honduras,HND,,Lives Saved Tool (LiST),Global wasting (<-2 SD) rate,12-23 months,2.53,2.07
C:\Users\Trabajo\OneDrive - movimentar GmbH\LiST models\Eta-Iota\honduras_95.PJNZ,Honduras,HND,,Lives Saved Tool (LiST),Global wasting (<-2 SD) rate,24-59 months,1.49,1.49
C:\Users\Trabajo\OneDrive - movimentar GmbH\LiST models\Eta-Iota\honduras_95.PJNZ,Honduras,HND,,Lives Saved Tool (LiST),Percent of children (<6 mo) exclusively breastfed,<1 month and 1-5 months,29.1,67.6
C:\Users\Trabajo\OneDrive - movimentar GmbH\LiST models\Eta-Iota\honduras_95.PJNZ,Honduras,HND,,Lives Saved Tool (LiST),Prevalence of early initiation of breastfeeding,<1 month,0,100
C:\Users\Trabajo\OneDrive - movimentar GmbH\LiST models\Eta-Iota\honduras_95.PJNZ,Honduras,HND,,Lives Saved Tool (LiST),Percent of women with anemia,Pregnant women with anemia,21.3,9.982
C:\Users\Trabajo\OneDrive - movimentar GmbH\LiST models\Eta-Iota\honduras_95.PJNZ,Honduras,HND,,Lives Saved Tool (LiST),Percent of women with anemia,Pregnant women with iron-deficiency anemia,13.37,6.266
C:\Users\Trabajo\OneDrive - movimentar GmbH\LiST models\Eta-Iota\honduras_95.PJNZ,Honduras,HND,,Lives Saved Tool (LiST),Percent of women with anemia,Women of reproductive age with anemia,17.884,17.025
C:\Users\Trabajo\OneDrive - movimentar GmbH\LiST models\Eta-Iota\honduras_95.PJNZ,Honduras,HND,,Lives Saved Tool (LiST),Percent of women with anemia,Women of reproductive age with iron-deficiency anemia,9.905,9.365
C:\Users\Trabajo\OneDrive - movimentar GmbH\LiST models\Eta-Iota\honduras_implemented.PJNZ,Honduras,HND,,Lives Saved Tool (LiST),"Neonatal mortality rate (deaths per 1,000 live births)",,9.84,9.33
C:\Users\Trabajo\OneDrive - movimentar GmbH\LiST models\Eta-Iota\honduras_implemented.PJNZ,Honduras,HND,,Lives Saved Tool (LiST),"Infant mortality rate (deaths per 1,000 live births)",,14.61,13.75
C:\Users\Trabajo\OneDrive - movimentar GmbH\LiST models\Eta-Iota\honduras_implemented.PJNZ,Honduras,HND,,Lives Saved Tool (LiST),"Under five mortality rate (deaths per 1,000 live births)",,17.14,16.22
C:\Users\Trabajo\OneDrive - movimentar GmbH\LiST models\Eta-Iota\honduras_implemented.PJNZ,Honduras,HND,,Lives Saved Tool (LiST),"Maternal mortality rate (deaths per 100,000 women aged 15-49)",,5.52,5.42
C:\Users\Trabajo\OneDrive - movimentar GmbH\LiST models\Eta-Iota\honduras_implemented.PJNZ,Honduras,HND,,Lives Saved Tool (LiST),"Stillbirth rate (stillbirths per 1,000 total births (live and stillbirths))",,8.37,5.87
C:\Users\Trabajo\OneDrive - movimentar GmbH\LiST models\Eta-Iota\honduras_implemented.PJNZ,Honduras,HND,,Lives Saved Tool (LiST),Global stunting (<-2 SD) rate,Total (0-59 months),18.55,18.14
C:\Users\Trabajo\OneDrive - movimentar GmbH\LiST models\Eta-Iota\honduras_implemented.PJNZ,Honduras,HND,,Lives Saved Tool (LiST),Global stunting (<-2 SD) rate,<1 month,8.92,8.59
C:\Users\Trabajo\OneDrive - movimentar GmbH\LiST models\Eta-Iota\honduras_implemented.PJNZ,Honduras,HND,,Lives Saved Tool (LiST),Global stunting (<-2 SD) rate,1-5 months,8.92,8.66
C:\Users\Trabajo\OneDrive - movimentar GmbH\LiST models\Eta-Iota\honduras_implemented.PJNZ,Honduras,HND,,Lives Saved Tool (LiST),Global stunting (<-2 SD) rate,6-11 months,10.91,9.85
C:\Users\Trabajo\OneDrive - movimentar GmbH\LiST models\Eta-Iota\honduras_implemented.PJNZ,Honduras,HND,,Lives Saved Tool (LiST),Global stunting (<-2 SD) rate,12-23 months,18.09,16.77
C:\Users\Trabajo\OneDrive - movimentar GmbH\LiST models\Eta-Iota\honduras_implemented.PJNZ,Honduras,HND,,Lives Saved Tool (LiST),Global stunting (<-2 SD) rate,24-59 months,21.67,21.64
C:\Users\Trabajo\OneDrive - movimentar GmbH\LiST models\Eta-Iota\honduras_implemented.PJNZ,Honduras,HND,,Lives Saved Tool (LiST),Global wasting (<-2 SD) rate,Total (0-59 months),1.9,1.83
C:\Users\Trabajo\OneDrive - movimentar GmbH\LiST models\Eta-Iota\honduras_implemented.PJNZ,Honduras,HND,,Lives Saved Tool (LiST),Global wasting (<-2 SD) rate,<1 month,2.81,2.81
C:\Users\Trabajo\OneDrive - movimentar GmbH\LiST models\Eta-Iota\honduras_implemented.PJNZ,Honduras,HND,,Lives Saved Tool (LiST),Global wasting (<-2 SD) rate,1-5 months,2.81,2.81
C:\Users\Trabajo\OneDrive - movimentar GmbH\LiST models\Eta-Iota\honduras_implemented.PJNZ,Honduras,HND,,Lives Saved Tool (LiST),Global wasting (<-2 SD) rate,6-11 months,2.12,1.93
C:\Users\Trabajo\OneDrive - movimentar GmbH\LiST models\Eta-Iota\honduras_implemented.PJNZ,Honduras,HND,,Lives Saved Tool (LiST),Global wasting (<-2 SD) rate,12-23 months,2.53,2.3
C:\Users\Trabajo\OneDrive - movimentar GmbH\LiST models\Eta-Iota\honduras_implemented.PJNZ,Honduras,HND,,Lives Saved Tool (LiST),Global wasting (<-2 SD) rate,24-59 months,1.49,1.49
C:\Users\Trabajo\OneDrive - movimentar GmbH\LiST models\Eta-Iota\honduras_implemented.PJNZ,Honduras,HND,,Lives Saved Tool (LiST),Percent of children (<6 mo) exclusively breastfed,<1 month and 1-5 months,29.1,48
C:\Users\Trabajo\OneDrive - movimentar GmbH\LiST models\Eta-Iota\honduras_implemented.PJNZ,Honduras,HND,,Lives Saved Tool (LiST),Prevalence of early initiation of breastfeeding,<1 month,0,100
C:\Users\Trabajo\OneDrive - movimentar GmbH\LiST models\Eta-Iota\honduras_implemented.PJNZ,Honduras,HND,,Lives Saved Tool (LiST),Percent of women with anemia,Pregnant women with anemia,21.3,19.347
C:\Users\Trabajo\OneDrive - movimentar GmbH\LiST models\Eta-Iota\honduras_implemented.PJNZ,Honduras,HND,,Lives Saved Tool (LiST),Percent of women with anemia,Pregnant women with iron-deficiency anemia,13.37,12.144
C:\Users\Trabajo\OneDrive - movimentar GmbH\LiST models\Eta-Iota\honduras_implemented.PJNZ,Honduras,HND,,Lives Saved Tool (LiST),Percent of women with anemia,Women of reproductive age with anemia,17.884,17.732
C:\Users\Trabajo\OneDrive - movimentar GmbH\LiST models\Eta-Iota\honduras_implemented.PJNZ,Honduras,HND,,Lives Saved Tool (LiST),Percent of women with anemia,Women of reproductive age with iron-deficiency anemia,9.905,9.808
C:\Users\Trabajo\OneDrive - movimentar GmbH\LiST models\Eta-Iota\nicaragua_0.PJNZ,Nicaragua,NIC,,Lives Saved Tool (LiST),"Neonatal mortality rate (deaths per 1,000 live births)",,7.91,7.91
C:\Users\Trabajo\OneDrive - movimentar GmbH\LiST models\Eta-Iota\nicaragua_0.PJNZ,Nicaragua,NIC,,Lives Saved Tool (LiST),"Infant mortality rate (deaths per 1,000 live births)",,12.07,12.11
C:\Users\Trabajo\OneDrive - movimentar GmbH\LiST models\Eta-Iota\nicaragua_0.PJNZ,Nicaragua,NIC,,Lives Saved Tool (LiST),"Under five mortality rate (deaths per 1,000 live births)",,14.03,14.11
C:\Users\Trabajo\OneDrive - movimentar GmbH\LiST models\Eta-Iota\nicaragua_0.PJNZ,Nicaragua,NIC,,Lives Saved Tool (LiST),"Maternal mortality rate (deaths per 100,000 women aged 15-49)",,5.85,5.75
C:\Users\Trabajo\OneDrive - movimentar GmbH\LiST models\Eta-Iota\nicaragua_0.PJNZ,Nicaragua,NIC,,Lives Saved Tool (LiST),"Stillbirth rate (stillbirths per 1,000 total births (live and stillbirths))",,10.04,10.04
C:\Users\Trabajo\OneDrive - movimentar GmbH\LiST models\Eta-Iota\nicaragua_0.PJNZ,Nicaragua,NIC,,Lives Saved Tool (LiST),Global stunting (<-2 SD) rate,Total (0-59 months),20.37,20.38
C:\Users\Trabajo\OneDrive - movimentar GmbH\LiST models\Eta-Iota\nicaragua_0.PJNZ,Nicaragua,NIC,,Lives Saved Tool (LiST),Global stunting (<-2 SD) rate,<1 month,7.2,7.2
C:\Users\Trabajo\OneDrive - movimentar GmbH\LiST models\Eta-Iota\nicaragua_0.PJNZ,Nicaragua,NIC,,Lives Saved Tool (LiST),Global stunting (<-2 SD) rate,1-5 months,7.2,7.2
C:\Users\Trabajo\OneDrive - movimentar GmbH\LiST models\Eta-Iota\nicaragua_0.PJNZ,Nicaragua,NIC,,Lives Saved Tool (LiST),Global stunting (<-2 SD) rate,6-11 months,12.63,12.63
C:\Users\Trabajo\OneDrive - movimentar GmbH\LiST models\Eta-Iota\nicaragua_0.PJNZ,Nicaragua,NIC,,Lives Saved Tool (LiST),Global stunting (<-2 SD) rate,12-23 months,21,21
C:\Users\Trabajo\OneDrive - movimentar GmbH\LiST models\Eta-Iota\nicaragua_0.PJNZ,Nicaragua,NIC,,Lives Saved Tool (LiST),Global stunting (<-2 SD) rate,24-59 months,23.68,23.68
C:\Users\Trabajo\OneDrive - movimentar GmbH\LiST models\Eta-Iota\nicaragua_0.PJNZ,Nicaragua,NIC,,Lives Saved Tool (LiST),Global wasting (<-2 SD) rate,Total (0-59 months),1.44,1.43
C:\Users\Trabajo\OneDrive - movimentar GmbH\LiST models\Eta-Iota\nicaragua_0.PJNZ,Nicaragua,NIC,,Lives Saved Tool (LiST),Global wasting (<-2 SD) rate,<1 month,4.13,4.13
C:\Users\Trabajo\OneDrive - movimentar GmbH\LiST models\Eta-Iota\nicaragua_0.PJNZ,Nicaragua,NIC,,Lives Saved Tool (LiST),Global wasting (<-2 SD) rate,1-5 months,4.13,4.13
C:\Users\Trabajo\OneDrive - movimentar GmbH\LiST models\Eta-Iota\nicaragua_0.PJNZ,Nicaragua,NIC,,Lives Saved Tool (LiST),Global wasting (<-2 SD) rate,6-11 months,1.4,1.4
C:\Users\Trabajo\OneDrive - movimentar GmbH\LiST models\Eta-Iota\nicaragua_0.PJNZ,Nicaragua,NIC,,Lives Saved Tool (LiST),Global wasting (<-2 SD) rate,12-23 months,1.44,1.44
C:\Users\Trabajo\OneDrive - movimentar GmbH\LiST models\Eta-Iota\nicaragua_0.PJNZ,Nicaragua,NIC,,Lives Saved Tool (LiST),Global wasting (<-2 SD) rate,24-59 months,0.98686,0.98686
C:\Users\Trabajo\OneDrive - movimentar GmbH\LiST models\Eta-Iota\nicaragua_0.PJNZ,Nicaragua,NIC,,Lives Saved Tool (LiST),Percent of children (<6 mo) exclusively breastfed,<1 month and 1-5 months,30.67,30.67
C:\Users\Trabajo\OneDrive - movimentar GmbH\LiST models\Eta-Iota\nicaragua_0.PJNZ,Nicaragua,NIC,,Lives Saved Tool (LiST),Prevalence of early initiation of breastfeeding,<1 month,0,0
C:\Users\Trabajo\OneDrive - movimentar GmbH\LiST models\Eta-Iota\nicaragua_0.PJNZ,Nicaragua,NIC,,Lives Saved Tool (LiST),Percent of women with anemia,Pregnant women with anemia,25.7,25.7
C:\Users\Trabajo\OneDrive - movimentar GmbH\LiST models\Eta-Iota\nicaragua_0.PJNZ,Nicaragua,NIC,,Lives Saved Tool (LiST),Percent of women with anemia,Pregnant women with iron-deficiency anemia,12.935,12.935
C:\Users\Trabajo\OneDrive - movimentar GmbH\LiST models\Eta-Iota\nicaragua_0.PJNZ,Nicaragua,NIC,,Lives Saved Tool (LiST),Percent of women with anemia,Women of reproductive age with anemia,16.636,16.622
C:\Users\Trabajo\OneDrive - movimentar GmbH\LiST models\Eta-Iota\nicaragua_0.PJNZ,Nicaragua,NIC,,Lives Saved Tool (LiST),Percent of women with anemia,Women of reproductive age with iron-deficiency anemia,9.49,9.485
C:\Users\Trabajo\OneDrive - movimentar GmbH\LiST models\Eta-Iota\nicaragua_30.PJNZ,Nicaragua,NIC,,Lives Saved Tool (LiST),"Neonatal mortality rate (deaths per 1,000 live births)",,7.91,7.6
C:\Users\Trabajo\OneDrive - movimentar GmbH\LiST models\Eta-Iota\nicaragua_30.PJNZ,Nicaragua,NIC,,Lives Saved Tool (LiST),"Infant mortality rate (deaths per 1,000 live births)",,12.07,11.57
C:\Users\Trabajo\OneDrive - movimentar GmbH\LiST models\Eta-Iota\nicaragua_30.PJNZ,Nicaragua,NIC,,Lives Saved Tool (LiST),"Under five mortality rate (deaths per 1,000 live births)",,14.03,13.5
C:\Users\Trabajo\OneDrive - movimentar GmbH\LiST models\Eta-Iota\nicaragua_30.PJNZ,Nicaragua,NIC,,Lives Saved Tool (LiST),"Maternal mortality rate (deaths per 100,000 women aged 15-49)",,5.85,5.75
C:\Users\Trabajo\OneDrive - movimentar GmbH\LiST models\Eta-Iota\nicaragua_30.PJNZ,Nicaragua,NIC,,Lives Saved Tool (LiST),"Stillbirth rate (stillbirths per 1,000 total births (live and stillbirths))",,10.04,9.63
C:\Users\Trabajo\OneDrive - movimentar GmbH\LiST models\Eta-Iota\nicaragua_30.PJNZ,Nicaragua,NIC,,Lives Saved Tool (LiST),Global stunting (<-2 SD) rate,Total (0-59 months),20.37,19.98
C:\Users\Trabajo\OneDrive - movimentar GmbH\LiST models\Eta-Iota\nicaragua_30.PJNZ,Nicaragua,NIC,,Lives Saved Tool (LiST),Global stunting (<-2 SD) rate,<1 month,7.2,7.11
C:\Users\Trabajo\OneDrive - movimentar GmbH\LiST models\Eta-Iota\nicaragua_30.PJNZ,Nicaragua,NIC,,Lives Saved Tool (LiST),Global stunting (<-2 SD) rate,1-5 months,7.2,7.12
C:\Users\Trabajo\OneDrive - movimentar GmbH\LiST models\Eta-Iota\nicaragua_30.PJNZ,Nicaragua,NIC,,Lives Saved Tool (LiST),Global stunting (<-2 SD) rate,6-11 months,12.63,11.83
C:\Users\Trabajo\OneDrive - movimentar GmbH\LiST models\Eta-Iota\nicaragua_30.PJNZ,Nicaragua,NIC,,Lives Saved Tool (LiST),Global stunting (<-2 SD) rate,12-23 months,21,19.88
C:\Users\Trabajo\OneDrive - movimentar GmbH\LiST models\Eta-Iota\nicaragua_30.PJNZ,Nicaragua,NIC,,Lives Saved Tool (LiST),Global stunting (<-2 SD) rate,24-59 months,23.68,23.54
C:\Users\Trabajo\OneDrive - movimentar GmbH\LiST models\Eta-Iota\nicaragua_30.PJNZ,Nicaragua,NIC,,Lives Saved Tool (LiST),Global wasting (<-2 SD) rate,Total (0-59 months),1.44,1.41
C:\Users\Trabajo\OneDrive - movimentar GmbH\LiST models\Eta-Iota\nicaragua_30.PJNZ,Nicaragua,NIC,,Lives Saved Tool (LiST),Global wasting (<-2 SD) rate,<1 month,4.13,4.13
C:\Users\Trabajo\OneDrive - movimentar GmbH\LiST models\Eta-Iota\nicaragua_30.PJNZ,Nicaragua,NIC,,Lives Saved Tool (LiST),Global wasting (<-2 SD) rate,1-5 months,4.13,4.13
C:\Users\Trabajo\OneDrive - movimentar GmbH\LiST models\Eta-Iota\nicaragua_30.PJNZ,Nicaragua,NIC,,Lives Saved Tool (LiST),Global wasting (<-2 SD) rate,6-11 months,1.4,1.34
C:\Users\Trabajo\OneDrive - movimentar GmbH\LiST models\Eta-Iota\nicaragua_30.PJNZ,Nicaragua,NIC,,Lives Saved Tool (LiST),Global wasting (<-2 SD) rate,12-23 months,1.44,1.37
C:\Users\Trabajo\OneDrive - movimentar GmbH\LiST models\Eta-Iota\nicaragua_30.PJNZ,Nicaragua,NIC,,Lives Saved Tool (LiST),Global wasting (<-2 SD) rate,24-59 months,0.98686,0.98686
C:\Users\Trabajo\OneDrive - movimentar GmbH\LiST models\Eta-Iota\nicaragua_30.PJNZ,Nicaragua,NIC,,Lives Saved Tool (LiST),Percent of children (<6 mo) exclusively breastfed,<1 month and 1-5 months,30.67,42.82
C:\Users\Trabajo\OneDrive - movimentar GmbH\LiST models\Eta-Iota\nicaragua_30.PJNZ,Nicaragua,NIC,,Lives Saved Tool (LiST),Prevalence of early initiation of breastfeeding,<1 month,0,100
C:\Users\Trabajo\OneDrive - movimentar GmbH\LiST models\Eta-Iota\nicaragua_30.PJNZ,Nicaragua,NIC,,Lives Saved Tool (LiST),Percent of women with anemia,Pregnant women with anemia,25.7,20.801
C:\Users\Trabajo\OneDrive - movimentar GmbH\LiST models\Eta-Iota\nicaragua_30.PJNZ,Nicaragua,NIC,,Lives Saved Tool (LiST),Percent of women with anemia,Pregnant women with iron-deficiency anemia,12.935,10.47
C:\Users\Trabajo\OneDrive - movimentar GmbH\LiST models\Eta-Iota\nicaragua_30.PJNZ,Nicaragua,NIC,,Lives Saved Tool (LiST),Percent of women with anemia,Women of reproductive age with anemia,16.636,16.261
C:\Users\Trabajo\OneDrive - movimentar GmbH\LiST models\Eta-Iota\nicaragua_30.PJNZ,Nicaragua,NIC,,Lives Saved Tool (LiST),Percent of women with anemia,Women of reproductive age with iron-deficiency anemia,9.49,9.303
C:\Users\Trabajo\OneDrive - movimentar GmbH\LiST models\Eta-Iota\nicaragua_95.PJNZ,Nicaragua,NIC,,Lives Saved Tool (LiST),"Neonatal mortality rate (deaths per 1,000 live births)",,7.91,7.29
C:\Users\Trabajo\OneDrive - movimentar GmbH\LiST models\Eta-Iota\nicaragua_95.PJNZ,Nicaragua,NIC,,Lives Saved Tool (LiST),"Infant mortality rate (deaths per 1,000 live births)",,12.07,10.83
C:\Users\Trabajo\OneDrive - movimentar GmbH\LiST models\Eta-Iota\nicaragua_95.PJNZ,Nicaragua,NIC,,Lives Saved Tool (LiST),"Under five mortality rate (deaths per 1,000 live births)",,14.03,12.66
C:\Users\Trabajo\OneDrive - movimentar GmbH\LiST models\Eta-Iota\nicaragua_95.PJNZ,Nicaragua,NIC,,Lives Saved Tool (LiST),"Maternal mortality rate (deaths per 100,000 women aged 15-49)",,5.85,5.74
C:\Users\Trabajo\OneDrive - movimentar GmbH\LiST models\Eta-Iota\nicaragua_95.PJNZ,Nicaragua,NIC,,Lives Saved Tool (LiST),"Stillbirth rate (stillbirths per 1,000 total births (live and stillbirths))",,10.04,8.76
C:\Users\Trabajo\OneDrive - movimentar GmbH\LiST models\Eta-Iota\nicaragua_95.PJNZ,Nicaragua,NIC,,Lives Saved Tool (LiST),Global stunting (<-2 SD) rate,Total (0-59 months),20.37,19.14
C:\Users\Trabajo\OneDrive - movimentar GmbH\LiST models\Eta-Iota\nicaragua_95.PJNZ,Nicaragua,NIC,,Lives Saved Tool (LiST),Global stunting (<-2 SD) rate,<1 month,7.2,6.93
C:\Users\Trabajo\OneDrive - movimentar GmbH\LiST models\Eta-Iota\nicaragua_95.PJNZ,Nicaragua,NIC,,Lives Saved Tool (LiST),Global stunting (<-2 SD) rate,1-5 months,7.2,6.95
C:\Users\Trabajo\OneDrive - movimentar GmbH\LiST models\Eta-Iota\nicaragua_95.PJNZ,Nicaragua,NIC,,Lives Saved Tool (LiST),Global stunting (<-2 SD) rate,6-11 months,12.63,10.18
C:\Users\Trabajo\OneDrive - movimentar GmbH\LiST models\Eta-Iota\nicaragua_95.PJNZ,Nicaragua,NIC,,Lives Saved Tool (LiST),Global stunting (<-2 SD) rate,12-23 months,21,17.52
C:\Users\Trabajo\OneDrive - movimentar GmbH\LiST models\Eta-Iota\nicaragua_95.PJNZ,Nicaragua,NIC,,Lives Saved Tool (LiST),Global stunting (<-2 SD) rate,24-59 months,23.68,23.22
C:\Users\Trabajo\OneDrive - movimentar GmbH\LiST models\Eta-Iota\nicaragua_95.PJNZ,Nicaragua,NIC,,Lives Saved Tool (LiST),Global wasting (<-2 SD) rate,Total (0-59 months),1.44,1.37
C:\Users\Trabajo\OneDrive - movimentar GmbH\LiST models\Eta-Iota\nicaragua_95.PJNZ,Nicaragua,NIC,,Lives Saved Tool (LiST),Global wasting (<-2 SD) rate,<1 month,4.13,4.13
C:\Users\Trabajo\OneDrive - movimentar GmbH\LiST models\Eta-Iota\nicaragua_95.PJNZ,Nicaragua,NIC,,Lives Saved Tool (LiST),Global wasting (<-2 SD) rate,1-5 months,4.13,4.13
C:\Users\Trabajo\OneDrive - movimentar GmbH\LiST models\Eta-Iota\nicaragua_95.PJNZ,Nicaragua,NIC,,Lives Saved Tool (LiST),Global wasting (<-2 SD) rate,6-11 months,1.4,1.2
C:\Users\Trabajo\OneDrive - movimentar GmbH\LiST models\Eta-Iota\nicaragua_95.PJNZ,Nicaragua,NIC,,Lives Saved Tool (LiST),Global wasting (<-2 SD) rate,12-23 months,1.44,1.23
C:\Users\Trabajo\OneDrive - movimentar GmbH\LiST models\Eta-Iota\nicaragua_95.PJNZ,Nicaragua,NIC,,Lives Saved Tool (LiST),Global wasting (<-2 SD) rate,24-59 months,0.98686,0.98686
C:\Users\Trabajo\OneDrive - movimentar GmbH\LiST models\Eta-Iota\nicaragua_95.PJNZ,Nicaragua,NIC,,Lives Saved Tool (LiST),Percent of children (<6 mo) exclusively breastfed,<1 month and 1-5 months,30.67,69.15
C:\Users\Trabajo\OneDrive - movimentar GmbH\LiST models\Eta-Iota\nicaragua_95.PJNZ,Nicaragua,NIC,,Lives Saved Tool (LiST),Prevalence of early initiation of breastfeeding,<1 month,0,100
C:\Users\Trabajo\OneDrive - movimentar GmbH\LiST models\Eta-Iota\nicaragua_95.PJNZ,Nicaragua,NIC,,Lives Saved Tool (LiST),Percent of women with anemia,Pregnant women with anemia,25.7,10.188
C:\Users\Trabajo\OneDrive - movimentar GmbH\LiST models\Eta-Iota\nicaragua_95.PJNZ,Nicaragua,NIC,,Lives Saved Tool (LiST),Percent of women with anemia,Pregnant women with iron-deficiency anemia,12.935,5.128
C:\Users\Trabajo\OneDrive - movimentar GmbH\LiST models\Eta-Iota\nicaragua_95.PJNZ,Nicaragua,NIC,,Lives Saved Tool (LiST),Percent of women with anemia,Women of reproductive age with anemia,16.636,15.479
C:\Users\Trabajo\OneDrive - movimentar GmbH\LiST models\Eta-Iota\nicaragua_95.PJNZ,Nicaragua,NIC,,Lives Saved Tool (LiST),Percent of women with anemia,Women of reproductive age with iron-deficiency anemia,9.49,8.91
C:\Users\Trabajo\OneDrive - movimentar GmbH\LiST models\Eta-Iota\nicaragua_implemented.PJNZ,Nicaragua,NIC,,Lives Saved Tool (LiST),"Neonatal mortality rate (deaths per 1,000 live births)",,7.91,7.35
C:\Users\Trabajo\OneDrive - movimentar GmbH\LiST models\Eta-Iota\nicaragua_implemented.PJNZ,Nicaragua,NIC,,Lives Saved Tool (LiST),"Infant mortality rate (deaths per 1,000 live births)",,12.07,11.2
C:\Users\Trabajo\OneDrive - movimentar GmbH\LiST models\Eta-Iota\nicaragua_implemented.PJNZ,Nicaragua,NIC,,Lives Saved Tool (LiST),"Under five mortality rate (deaths per 1,000 live births)",,14.03,13.13
C:\Users\Trabajo\OneDrive - movimentar GmbH\LiST models\Eta-Iota\nicaragua_implemented.PJNZ,Nicaragua,NIC,,Lives Saved Tool (LiST),"Maternal mortality rate (deaths per 100,000 women aged 15-49)",,5.85,5.74
C:\Users\Trabajo\OneDrive - movimentar GmbH\LiST models\Eta-Iota\nicaragua_implemented.PJNZ,Nicaragua,NIC,,Lives Saved Tool (LiST),"Stillbirth rate (stillbirths per 1,000 total births (live and stillbirths))",,10.04,9.27
C:\Users\Trabajo\OneDrive - movimentar GmbH\LiST models\Eta-Iota\nicaragua_implemented.PJNZ,Nicaragua,NIC,,Lives Saved Tool (LiST),Global stunting (<-2 SD) rate,Total (0-59 months),20.37,19.87
C:\Users\Trabajo\OneDrive - movimentar GmbH\LiST models\Eta-Iota\nicaragua_implemented.PJNZ,Nicaragua,NIC,,Lives Saved Tool (LiST),Global stunting (<-2 SD) rate,<1 month,7.2,6.99
C:\Users\Trabajo\OneDrive - movimentar GmbH\LiST models\Eta-Iota\nicaragua_implemented.PJNZ,Nicaragua,NIC,,Lives Saved Tool (LiST),Global stunting (<-2 SD) rate,1-5 months,7.2,7.03
C:\Users\Trabajo\OneDrive - movimentar GmbH\LiST models\Eta-Iota\nicaragua_implemented.PJNZ,Nicaragua,NIC,,Lives Saved Tool (LiST),Global stunting (<-2 SD) rate,6-11 months,12.63,11.4
C:\Users\Trabajo\OneDrive - movimentar GmbH\LiST models\Eta-Iota\nicaragua_implemented.PJNZ,Nicaragua,NIC,,Lives Saved Tool (LiST),Global stunting (<-2 SD) rate,12-23 months,21,19.32
C:\Users\Trabajo\OneDrive - movimentar GmbH\LiST models\Eta-Iota\nicaragua_implemented.PJNZ,Nicaragua,NIC,,Lives Saved Tool (LiST),Global stunting (<-2 SD) rate,24-59 months,23.68,23.62
C:\Users\Trabajo\OneDrive - movimentar GmbH\LiST models\Eta-Iota\nicaragua_implemented.PJNZ,Nicaragua,NIC,,Lives Saved Tool (LiST),Global wasting (<-2 SD) rate,Total (0-59 months),1.44,1.4
C:\Users\Trabajo\OneDrive - movimentar GmbH\LiST models\Eta-Iota\nicaragua_implemented.PJNZ,Nicaragua,NIC,,Lives Saved Tool (LiST),Global wasting (<-2 SD) rate,<1 month,4.13,4.13
C:\Users\Trabajo\OneDrive - movimentar GmbH\LiST models\Eta-Iota\nicaragua_implemented.PJNZ,Nicaragua,NIC,,Lives Saved Tool (LiST),Global wasting (<-2 SD) rate,1-5 months,4.13,4.13
C:\Users\Trabajo\OneDrive - movimentar GmbH\LiST models\Eta-Iota\nicaragua_implemented.PJNZ,Nicaragua,NIC,,Lives Saved Tool (LiST),Global wasting (<-2 SD) rate,6-11 months,1.4,1.29
C:\Users\Trabajo\OneDrive - movimentar GmbH\LiST models\Eta-Iota\nicaragua_implemented.PJNZ,Nicaragua,NIC,,Lives Saved Tool (LiST),Global wasting (<-2 SD) rate,12-23 months,1.44,1.33
C:\Users\Trabajo\OneDrive - movimentar GmbH\LiST models\Eta-Iota\nicaragua_implemented.PJNZ,Nicaragua,NIC,,Lives Saved Tool (LiST),Global wasting (<-2 SD) rate,24-59 months,0.98686,0.98686
C:\Users\Trabajo\OneDrive - movimentar GmbH\LiST models\Eta-Iota\nicaragua_implemented.PJNZ,Nicaragua,NIC,,Lives Saved Tool (LiST),Percent of children (<6 mo) exclusively breastfed,<1 month and 1-5 months,30.67,50.53
C:\Users\Trabajo\OneDrive - movimentar GmbH\LiST models\Eta-Iota\nicaragua_implemented.PJNZ,Nicaragua,NIC,,Lives Saved Tool (LiST),Prevalence of early initiation of breastfeeding,<1 month,0,100
C:\Users\Trabajo\OneDrive - movimentar GmbH\LiST models\Eta-Iota\nicaragua_implemented.PJNZ,Nicaragua,NIC,,Lives Saved Tool (LiST),Percent of women with anemia,Pregnant women with anemia,25.7,11.856
C:\Users\Trabajo\OneDrive - movimentar GmbH\LiST models\Eta-Iota\nicaragua_implemented.PJNZ,Nicaragua,NIC,,Lives Saved Tool (LiST),Percent of women with anemia,Pregnant women with iron-deficiency anemia,12.935,5.968
C:\Users\Trabajo\OneDrive - movimentar GmbH\LiST models\Eta-Iota\nicaragua_implemented.PJNZ,Nicaragua,NIC,,Lives Saved Tool (LiST),Percent of women with anemia,Women of reproductive age with anemia,16.636,15.602
C:\Users\Trabajo\OneDrive - movimentar GmbH\LiST models\Eta-Iota\nicaragua_implemented.PJNZ,Nicaragua,NIC,,Lives Saved Tool (LiST),Percent of women with anemia,Women of reproductive age with iron-deficiency anemia,9.49,8.972
